Day,Site,Product,Reseller,Quantity
1,1,Sugar,A,4
1,1,Sugar,B,0
1,1,Sugar,C,0
1,1,Sugar,D,0
1,1,PowderMilk,A,0
1,1,PowderMilk,B,0
1,1,PowderMilk,C,0
1,1,PowderMilk,D,0
1,1,Flavour,A,10
1,1,Flavour,B,0
1,1,Flavour,C,0
1,1,Flavour,D,0
1,2,Sugar,A,0
1,2,Sugar,B,0
1,2,Sugar,C,0
1,2,Sugar,D,0
1,2,PowderMilk,A,0
1,2,PowderMilk,B,0
1,2,PowderMilk,C,0
1,2,PowderMilk,D,0
1,2,Flavour,A,0
1,2,Flavour,B,0
1,2,Flavour,C,0
1,2,Flavour,D,0
1,3,Sugar,A,0
1,3,Sugar,B,0
1,3,Sugar,C,0
1,3,Sugar,D,10
1,3,PowderMilk,A,0
1,3,PowderMilk,B,0
1,3,PowderMilk,C,0
1,3,PowderMilk,D,0
1,3,Flavour,A,0
1,3,Flavour,B,0
1,3,Flavour,C,0
1,3,Flavour,D,0
1,4,Sugar,A,0
1,4,Sugar,B,0
1,4,Sugar,C,0
1,4,Sugar,D,0
1,4,PowderMilk,A,0
1,4,PowderMilk,B,0
1,4,PowderMilk,C,0
1,4,PowderMilk,D,0
1,4,Flavour,A,0
1,4,Flavour,B,0
1,4,Flavour,C,0
1,4,Flavour,D,0
1,5,Sugar,A,0
1,5,Sugar,B,0
1,5,Sugar,C,0
1,5,Sugar,D,0
1,5,PowderMilk,A,0
1,5,PowderMilk,B,0
1,5,PowderMilk,C,0
1,5,PowderMilk,D,0
1,5,Flavour,A,0
1,5,Flavour,B,0
1,5,Flavour,C,0
1,5,Flavour,D,0
1,6,Sugar,A,0
1,6,Sugar,B,0
1,6,Sugar,C,0
1,6,Sugar,D,0
1,6,PowderMilk,A,0
1,6,PowderMilk,B,0
1,6,PowderMilk,C,0
1,6,PowderMilk,D,0
1,6,Flavour,A,0
1,6,Flavour,B,0
1,6,Flavour,C,0
1,6,Flavour,D,0
1,7,Sugar,A,0
1,7,Sugar,B,0
1,7,Sugar,C,0
1,7,Sugar,D,266
1,7,PowderMilk,A,0
1,7,PowderMilk,B,0
1,7,PowderMilk,C,0
1,7,PowderMilk,D,0
1,7,Flavour,A,0
1,7,Flavour,B,0
1,7,Flavour,C,0
1,7,Flavour,D,0
1,8,Sugar,A,0
1,8,Sugar,B,0
1,8,Sugar,C,0
1,8,Sugar,D,0
1,8,PowderMilk,A,0
1,8,PowderMilk,B,0
1,8,PowderMilk,C,0
1,8,PowderMilk,D,0
1,8,Flavour,A,0
1,8,Flavour,B,0
1,8,Flavour,C,0
1,8,Flavour,D,0
1,9,Sugar,A,0
1,9,Sugar,B,0
1,9,Sugar,C,0
1,9,Sugar,D,7
1,9,PowderMilk,A,0
1,9,PowderMilk,B,0
1,9,PowderMilk,C,0
1,9,PowderMilk,D,0
1,9,Flavour,A,0
1,9,Flavour,B,0
1,9,Flavour,C,0
1,9,Flavour,D,0
1,10,Sugar,A,0
1,10,Sugar,B,0
1,10,Sugar,C,0
1,10,Sugar,D,47
1,10,PowderMilk,A,0
1,10,PowderMilk,B,0
1,10,PowderMilk,C,0
1,10,PowderMilk,D,0
1,10,Flavour,A,0
1,10,Flavour,B,0
1,10,Flavour,C,0
1,10,Flavour,D,0
1,11,Sugar,A,0
1,11,Sugar,B,0
1,11,Sugar,C,0
1,11,Sugar,D,0
1,11,PowderMilk,A,0
1,11,PowderMilk,B,0
1,11,PowderMilk,C,0
1,11,PowderMilk,D,0
1,11,Flavour,A,0
1,11,Flavour,B,0
1,11,Flavour,C,0
1,11,Flavour,D,0
1,12,Sugar,A,0
1,12,Sugar,B,0
1,12,Sugar,C,0
1,12,Sugar,D,0
1,12,PowderMilk,A,0
1,12,PowderMilk,B,0
1,12,PowderMilk,C,0
1,12,PowderMilk,D,0
1,12,Flavour,A,0
1,12,Flavour,B,0
1,12,Flavour,C,0
1,12,Flavour,D,0
1,13,Sugar,A,0
1,13,Sugar,B,0
1,13,Sugar,C,0
1,13,Sugar,D,0
1,13,PowderMilk,A,0
1,13,PowderMilk,B,0
1,13,PowderMilk,C,0
1,13,PowderMilk,D,0
1,13,Flavour,A,0
1,13,Flavour,B,0
1,13,Flavour,C,0
1,13,Flavour,D,0
1,14,Sugar,A,0
1,14,Sugar,B,0
1,14,Sugar,C,0
1,14,Sugar,D,0
1,14,PowderMilk,A,0
1,14,PowderMilk,B,0
1,14,PowderMilk,C,0
1,14,PowderMilk,D,0
1,14,Flavour,A,0
1,14,Flavour,B,0
1,14,Flavour,C,0
1,14,Flavour,D,0
1,15,Sugar,A,0
1,15,Sugar,B,0
1,15,Sugar,C,0
1,15,Sugar,D,9
1,15,PowderMilk,A,0
1,15,PowderMilk,B,0
1,15,PowderMilk,C,0
1,15,PowderMilk,D,0
1,15,Flavour,A,0
1,15,Flavour,B,0
1,15,Flavour,C,0
1,15,Flavour,D,0
1,16,Sugar,A,0
1,16,Sugar,B,0
1,16,Sugar,C,0
1,16,Sugar,D,0
1,16,PowderMilk,A,0
1,16,PowderMilk,B,0
1,16,PowderMilk,C,0
1,16,PowderMilk,D,0
1,16,Flavour,A,0
1,16,Flavour,B,0
1,16,Flavour,C,0
1,16,Flavour,D,0
1,17,Sugar,A,0
1,17,Sugar,B,0
1,17,Sugar,C,0
1,17,Sugar,D,18
1,17,PowderMilk,A,0
1,17,PowderMilk,B,0
1,17,PowderMilk,C,0
1,17,PowderMilk,D,0
1,17,Flavour,A,0
1,17,Flavour,B,0
1,17,Flavour,C,0
1,17,Flavour,D,0
1,18,Sugar,A,0
1,18,Sugar,B,0
1,18,Sugar,C,0
1,18,Sugar,D,0
1,18,PowderMilk,A,0
1,18,PowderMilk,B,0
1,18,PowderMilk,C,0
1,18,PowderMilk,D,0
1,18,Flavour,A,0
1,18,Flavour,B,0
1,18,Flavour,C,0
1,18,Flavour,D,0
1,19,Sugar,A,0
1,19,Sugar,B,0
1,19,Sugar,C,0
1,19,Sugar,D,12
1,19,PowderMilk,A,0
1,19,PowderMilk,B,0
1,19,PowderMilk,C,0
1,19,PowderMilk,D,0
1,19,Flavour,A,0
1,19,Flavour,B,0
1,19,Flavour,C,0
1,19,Flavour,D,0
1,20,Sugar,A,0
1,20,Sugar,B,0
1,20,Sugar,C,0
1,20,Sugar,D,323
1,20,PowderMilk,A,0
1,20,PowderMilk,B,0
1,20,PowderMilk,C,0
1,20,PowderMilk,D,0
1,20,Flavour,A,0
1,20,Flavour,B,0
1,20,Flavour,C,0
1,20,Flavour,D,0
1,21,Sugar,A,0
1,21,Sugar,B,0
1,21,Sugar,C,0
1,21,Sugar,D,0
1,21,PowderMilk,A,0
1,21,PowderMilk,B,0
1,21,PowderMilk,C,0
1,21,PowderMilk,D,0
1,21,Flavour,A,0
1,21,Flavour,B,0
1,21,Flavour,C,0
1,21,Flavour,D,0
1,22,Sugar,A,0
1,22,Sugar,B,0
1,22,Sugar,C,0
1,22,Sugar,D,309
1,22,PowderMilk,A,0
1,22,PowderMilk,B,0
1,22,PowderMilk,C,0
1,22,PowderMilk,D,0
1,22,Flavour,A,0
1,22,Flavour,B,0
1,22,Flavour,C,0
1,22,Flavour,D,0
1,23,Sugar,A,0
1,23,Sugar,B,0
1,23,Sugar,C,0
1,23,Sugar,D,0
1,23,PowderMilk,A,0
1,23,PowderMilk,B,0
1,23,PowderMilk,C,0
1,23,PowderMilk,D,0
1,23,Flavour,A,0
1,23,Flavour,B,0
1,23,Flavour,C,0
1,23,Flavour,D,0
1,24,Sugar,A,0
1,24,Sugar,B,0
1,24,Sugar,C,0
1,24,Sugar,D,38
1,24,PowderMilk,A,0
1,24,PowderMilk,B,0
1,24,PowderMilk,C,0
1,24,PowderMilk,D,0
1,24,Flavour,A,0
1,24,Flavour,B,0
1,24,Flavour,C,0
1,24,Flavour,D,0
1,25,Sugar,A,0
1,25,Sugar,B,0
1,25,Sugar,C,0
1,25,Sugar,D,0
1,25,PowderMilk,A,0
1,25,PowderMilk,B,0
1,25,PowderMilk,C,0
1,25,PowderMilk,D,0
1,25,Flavour,A,0
1,25,Flavour,B,0
1,25,Flavour,C,0
1,25,Flavour,D,0
1,26,Sugar,A,0
1,26,Sugar,B,0
1,26,Sugar,C,0
1,26,Sugar,D,0
1,26,PowderMilk,A,0
1,26,PowderMilk,B,0
1,26,PowderMilk,C,0
1,26,PowderMilk,D,0
1,26,Flavour,A,0
1,26,Flavour,B,0
1,26,Flavour,C,0
1,26,Flavour,D,0
1,27,Sugar,A,0
1,27,Sugar,B,0
1,27,Sugar,C,0
1,27,Sugar,D,10
1,27,PowderMilk,A,0
1,27,PowderMilk,B,0
1,27,PowderMilk,C,0
1,27,PowderMilk,D,0
1,27,Flavour,A,0
1,27,Flavour,B,0
1,27,Flavour,C,0
1,27,Flavour,D,0
1,28,Sugar,A,0
1,28,Sugar,B,0
1,28,Sugar,C,0
1,28,Sugar,D,0
1,28,PowderMilk,A,0
1,28,PowderMilk,B,0
1,28,PowderMilk,C,0
1,28,PowderMilk,D,0
1,28,Flavour,A,0
1,28,Flavour,B,0
1,28,Flavour,C,0
1,28,Flavour,D,0
1,29,Sugar,A,0
1,29,Sugar,B,0
1,29,Sugar,C,0
1,29,Sugar,D,0
1,29,PowderMilk,A,0
1,29,PowderMilk,B,0
1,29,PowderMilk,C,0
1,29,PowderMilk,D,0
1,29,Flavour,A,0
1,29,Flavour,B,0
1,29,Flavour,C,0
1,29,Flavour,D,0
1,30,Sugar,A,0
1,30,Sugar,B,0
1,30,Sugar,C,0
1,30,Sugar,D,0
1,30,PowderMilk,A,0
1,30,PowderMilk,B,0
1,30,PowderMilk,C,0
1,30,PowderMilk,D,0
1,30,Flavour,A,0
1,30,Flavour,B,0
1,30,Flavour,C,0
1,30,Flavour,D,0
2,1,Sugar,A,0
2,1,Sugar,B,0
2,1,Sugar,C,0
2,1,Sugar,D,0
2,1,PowderMilk,A,0
2,1,PowderMilk,B,0
2,1,PowderMilk,C,0
2,1,PowderMilk,D,0
2,1,Flavour,A,0
2,1,Flavour,B,0
2,1,Flavour,C,0
2,1,Flavour,D,0
2,2,Sugar,A,0
2,2,Sugar,B,0
2,2,Sugar,C,0
2,2,Sugar,D,0
2,2,PowderMilk,A,0
2,2,PowderMilk,B,0
2,2,PowderMilk,C,0
2,2,PowderMilk,D,0
2,2,Flavour,A,0
2,2,Flavour,B,0
2,2,Flavour,C,0
2,2,Flavour,D,0
2,3,Sugar,A,0
2,3,Sugar,B,0
2,3,Sugar,C,0
2,3,Sugar,D,0
2,3,PowderMilk,A,0
2,3,PowderMilk,B,0
2,3,PowderMilk,C,0
2,3,PowderMilk,D,0
2,3,Flavour,A,0
2,3,Flavour,B,0
2,3,Flavour,C,0
2,3,Flavour,D,0
2,4,Sugar,A,37
2,4,Sugar,B,0
2,4,Sugar,C,0
2,4,Sugar,D,0
2,4,PowderMilk,A,3
2,4,PowderMilk,B,0
2,4,PowderMilk,C,0
2,4,PowderMilk,D,0
2,4,Flavour,A,8
2,4,Flavour,B,0
2,4,Flavour,C,0
2,4,Flavour,D,0
2,5,Sugar,A,0
2,5,Sugar,B,0
2,5,Sugar,C,0
2,5,Sugar,D,0
2,5,PowderMilk,A,0
2,5,PowderMilk,B,0
2,5,PowderMilk,C,0
2,5,PowderMilk,D,0
2,5,Flavour,A,0
2,5,Flavour,B,0
2,5,Flavour,C,0
2,5,Flavour,D,0
2,6,Sugar,A,0
2,6,Sugar,B,0
2,6,Sugar,C,0
2,6,Sugar,D,0
2,6,PowderMilk,A,0
2,6,PowderMilk,B,0
2,6,PowderMilk,C,0
2,6,PowderMilk,D,0
2,6,Flavour,A,0
2,6,Flavour,B,0
2,6,Flavour,C,0
2,6,Flavour,D,0
2,7,Sugar,A,0
2,7,Sugar,B,0
2,7,Sugar,C,0
2,7,Sugar,D,0
2,7,PowderMilk,A,0
2,7,PowderMilk,B,0
2,7,PowderMilk,C,0
2,7,PowderMilk,D,0
2,7,Flavour,A,0
2,7,Flavour,B,0
2,7,Flavour,C,0
2,7,Flavour,D,0
2,8,Sugar,A,0
2,8,Sugar,B,0
2,8,Sugar,C,0
2,8,Sugar,D,0
2,8,PowderMilk,A,0
2,8,PowderMilk,B,0
2,8,PowderMilk,C,0
2,8,PowderMilk,D,0
2,8,Flavour,A,0
2,8,Flavour,B,0
2,8,Flavour,C,0
2,8,Flavour,D,0
2,9,Sugar,A,0
2,9,Sugar,B,0
2,9,Sugar,C,0
2,9,Sugar,D,0
2,9,PowderMilk,A,0
2,9,PowderMilk,B,0
2,9,PowderMilk,C,0
2,9,PowderMilk,D,0
2,9,Flavour,A,0
2,9,Flavour,B,0
2,9,Flavour,C,0
2,9,Flavour,D,0
2,10,Sugar,A,0
2,10,Sugar,B,0
2,10,Sugar,C,0
2,10,Sugar,D,0
2,10,PowderMilk,A,0
2,10,PowderMilk,B,0
2,10,PowderMilk,C,0
2,10,PowderMilk,D,0
2,10,Flavour,A,0
2,10,Flavour,B,0
2,10,Flavour,C,0
2,10,Flavour,D,0
2,11,Sugar,A,0
2,11,Sugar,B,0
2,11,Sugar,C,0
2,11,Sugar,D,0
2,11,PowderMilk,A,0
2,11,PowderMilk,B,0
2,11,PowderMilk,C,0
2,11,PowderMilk,D,0
2,11,Flavour,A,0
2,11,Flavour,B,0
2,11,Flavour,C,0
2,11,Flavour,D,0
2,12,Sugar,A,0
2,12,Sugar,B,0
2,12,Sugar,C,0
2,12,Sugar,D,0
2,12,PowderMilk,A,0
2,12,PowderMilk,B,0
2,12,PowderMilk,C,0
2,12,PowderMilk,D,0
2,12,Flavour,A,0
2,12,Flavour,B,0
2,12,Flavour,C,0
2,12,Flavour,D,0
2,13,Sugar,A,0
2,13,Sugar,B,0
2,13,Sugar,C,0
2,13,Sugar,D,0
2,13,PowderMilk,A,0
2,13,PowderMilk,B,0
2,13,PowderMilk,C,0
2,13,PowderMilk,D,0
2,13,Flavour,A,0
2,13,Flavour,B,0
2,13,Flavour,C,0
2,13,Flavour,D,0
2,14,Sugar,A,43
2,14,Sugar,B,0
2,14,Sugar,C,0
2,14,Sugar,D,0
2,14,PowderMilk,A,37
2,14,PowderMilk,B,0
2,14,PowderMilk,C,0
2,14,PowderMilk,D,0
2,14,Flavour,A,0
2,14,Flavour,B,0
2,14,Flavour,C,0
2,14,Flavour,D,0
2,15,Sugar,A,0
2,15,Sugar,B,0
2,15,Sugar,C,0
2,15,Sugar,D,0
2,15,PowderMilk,A,0
2,15,PowderMilk,B,0
2,15,PowderMilk,C,0
2,15,PowderMilk,D,0
2,15,Flavour,A,0
2,15,Flavour,B,0
2,15,Flavour,C,0
2,15,Flavour,D,0
2,16,Sugar,A,0
2,16,Sugar,B,0
2,16,Sugar,C,0
2,16,Sugar,D,0
2,16,PowderMilk,A,0
2,16,PowderMilk,B,0
2,16,PowderMilk,C,0
2,16,PowderMilk,D,0
2,16,Flavour,A,0
2,16,Flavour,B,0
2,16,Flavour,C,0
2,16,Flavour,D,0
2,17,Sugar,A,0
2,17,Sugar,B,0
2,17,Sugar,C,0
2,17,Sugar,D,0
2,17,PowderMilk,A,0
2,17,PowderMilk,B,0
2,17,PowderMilk,C,0
2,17,PowderMilk,D,0
2,17,Flavour,A,0
2,17,Flavour,B,0
2,17,Flavour,C,0
2,17,Flavour,D,0
2,18,Sugar,A,0
2,18,Sugar,B,0
2,18,Sugar,C,0
2,18,Sugar,D,0
2,18,PowderMilk,A,0
2,18,PowderMilk,B,0
2,18,PowderMilk,C,0
2,18,PowderMilk,D,0
2,18,Flavour,A,0
2,18,Flavour,B,0
2,18,Flavour,C,0
2,18,Flavour,D,0
2,19,Sugar,A,0
2,19,Sugar,B,0
2,19,Sugar,C,0
2,19,Sugar,D,0
2,19,PowderMilk,A,0
2,19,PowderMilk,B,0
2,19,PowderMilk,C,0
2,19,PowderMilk,D,0
2,19,Flavour,A,0
2,19,Flavour,B,0
2,19,Flavour,C,0
2,19,Flavour,D,0
2,20,Sugar,A,0
2,20,Sugar,B,0
2,20,Sugar,C,0
2,20,Sugar,D,0
2,20,PowderMilk,A,0
2,20,PowderMilk,B,0
2,20,PowderMilk,C,0
2,20,PowderMilk,D,0
2,20,Flavour,A,0
2,20,Flavour,B,0
2,20,Flavour,C,0
2,20,Flavour,D,0
2,21,Sugar,A,0
2,21,Sugar,B,0
2,21,Sugar,C,0
2,21,Sugar,D,0
2,21,PowderMilk,A,0
2,21,PowderMilk,B,0
2,21,PowderMilk,C,0
2,21,PowderMilk,D,0
2,21,Flavour,A,0
2,21,Flavour,B,0
2,21,Flavour,C,0
2,21,Flavour,D,0
2,22,Sugar,A,0
2,22,Sugar,B,0
2,22,Sugar,C,0
2,22,Sugar,D,0
2,22,PowderMilk,A,0
2,22,PowderMilk,B,0
2,22,PowderMilk,C,4
2,22,PowderMilk,D,0
2,22,Flavour,A,0
2,22,Flavour,B,0
2,22,Flavour,C,0
2,22,Flavour,D,0
2,23,Sugar,A,82
2,23,Sugar,B,0
2,23,Sugar,C,0
2,23,Sugar,D,0
2,23,PowderMilk,A,54
2,23,PowderMilk,B,0
2,23,PowderMilk,C,0
2,23,PowderMilk,D,0
2,23,Flavour,A,0
2,23,Flavour,B,0
2,23,Flavour,C,0
2,23,Flavour,D,0
2,24,Sugar,A,0
2,24,Sugar,B,0
2,24,Sugar,C,0
2,24,Sugar,D,0
2,24,PowderMilk,A,12
2,24,PowderMilk,B,0
2,24,PowderMilk,C,0
2,24,PowderMilk,D,0
2,24,Flavour,A,0
2,24,Flavour,B,0
2,24,Flavour,C,0
2,24,Flavour,D,0
2,25,Sugar,A,4
2,25,Sugar,B,0
2,25,Sugar,C,0
2,25,Sugar,D,0
2,25,PowderMilk,A,5
2,25,PowderMilk,B,0
2,25,PowderMilk,C,0
2,25,PowderMilk,D,0
2,25,Flavour,A,0
2,25,Flavour,B,0
2,25,Flavour,C,0
2,25,Flavour,D,0
2,26,Sugar,A,0
2,26,Sugar,B,0
2,26,Sugar,C,0
2,26,Sugar,D,0
2,26,PowderMilk,A,0
2,26,PowderMilk,B,0
2,26,PowderMilk,C,0
2,26,PowderMilk,D,0
2,26,Flavour,A,0
2,26,Flavour,B,0
2,26,Flavour,C,0
2,26,Flavour,D,0
2,27,Sugar,A,0
2,27,Sugar,B,0
2,27,Sugar,C,0
2,27,Sugar,D,0
2,27,PowderMilk,A,0
2,27,PowderMilk,B,0
2,27,PowderMilk,C,0
2,27,PowderMilk,D,0
2,27,Flavour,A,0
2,27,Flavour,B,0
2,27,Flavour,C,0
2,27,Flavour,D,0
2,28,Sugar,A,0
2,28,Sugar,B,0
2,28,Sugar,C,0
2,28,Sugar,D,0
2,28,PowderMilk,A,0
2,28,PowderMilk,B,0
2,28,PowderMilk,C,0
2,28,PowderMilk,D,0
2,28,Flavour,A,0
2,28,Flavour,B,0
2,28,Flavour,C,0
2,28,Flavour,D,0
2,29,Sugar,A,0
2,29,Sugar,B,0
2,29,Sugar,C,0
2,29,Sugar,D,0
2,29,PowderMilk,A,0
2,29,PowderMilk,B,0
2,29,PowderMilk,C,0
2,29,PowderMilk,D,0
2,29,Flavour,A,0
2,29,Flavour,B,0
2,29,Flavour,C,0
2,29,Flavour,D,0
2,30,Sugar,A,0
2,30,Sugar,B,0
2,30,Sugar,C,0
2,30,Sugar,D,0
2,30,PowderMilk,A,0
2,30,PowderMilk,B,0
2,30,PowderMilk,C,0
2,30,PowderMilk,D,0
2,30,Flavour,A,0
2,30,Flavour,B,0
2,30,Flavour,C,0
2,30,Flavour,D,0
3,1,Sugar,A,0
3,1,Sugar,B,0
3,1,Sugar,C,0
3,1,Sugar,D,0
3,1,PowderMilk,A,0
3,1,PowderMilk,B,0
3,1,PowderMilk,C,0
3,1,PowderMilk,D,0
3,1,Flavour,A,0
3,1,Flavour,B,0
3,1,Flavour,C,0
3,1,Flavour,D,0
3,2,Sugar,A,0
3,2,Sugar,B,0
3,2,Sugar,C,0
3,2,Sugar,D,0
3,2,PowderMilk,A,0
3,2,PowderMilk,B,0
3,2,PowderMilk,C,0
3,2,PowderMilk,D,0
3,2,Flavour,A,0
3,2,Flavour,B,0
3,2,Flavour,C,0
3,2,Flavour,D,0
3,3,Sugar,A,0
3,3,Sugar,B,0
3,3,Sugar,C,0
3,3,Sugar,D,0
3,3,PowderMilk,A,0
3,3,PowderMilk,B,0
3,3,PowderMilk,C,0
3,3,PowderMilk,D,0
3,3,Flavour,A,0
3,3,Flavour,B,0
3,3,Flavour,C,0
3,3,Flavour,D,0
3,4,Sugar,A,0
3,4,Sugar,B,0
3,4,Sugar,C,0
3,4,Sugar,D,0
3,4,PowderMilk,A,0
3,4,PowderMilk,B,0
3,4,PowderMilk,C,0
3,4,PowderMilk,D,0
3,4,Flavour,A,0
3,4,Flavour,B,0
3,4,Flavour,C,0
3,4,Flavour,D,0
3,5,Sugar,A,0
3,5,Sugar,B,0
3,5,Sugar,C,0
3,5,Sugar,D,0
3,5,PowderMilk,A,0
3,5,PowderMilk,B,0
3,5,PowderMilk,C,0
3,5,PowderMilk,D,0
3,5,Flavour,A,0
3,5,Flavour,B,0
3,5,Flavour,C,0
3,5,Flavour,D,0
3,6,Sugar,A,0
3,6,Sugar,B,0
3,6,Sugar,C,0
3,6,Sugar,D,0
3,6,PowderMilk,A,0
3,6,PowderMilk,B,0
3,6,PowderMilk,C,0
3,6,PowderMilk,D,0
3,6,Flavour,A,0
3,6,Flavour,B,0
3,6,Flavour,C,0
3,6,Flavour,D,0
3,7,Sugar,A,0
3,7,Sugar,B,0
3,7,Sugar,C,0
3,7,Sugar,D,0
3,7,PowderMilk,A,0
3,7,PowderMilk,B,0
3,7,PowderMilk,C,0
3,7,PowderMilk,D,0
3,7,Flavour,A,0
3,7,Flavour,B,0
3,7,Flavour,C,0
3,7,Flavour,D,0
3,8,Sugar,A,0
3,8,Sugar,B,0
3,8,Sugar,C,0
3,8,Sugar,D,0
3,8,PowderMilk,A,0
3,8,PowderMilk,B,0
3,8,PowderMilk,C,0
3,8,PowderMilk,D,0
3,8,Flavour,A,0
3,8,Flavour,B,0
3,8,Flavour,C,0
3,8,Flavour,D,0
3,9,Sugar,A,0
3,9,Sugar,B,0
3,9,Sugar,C,0
3,9,Sugar,D,0
3,9,PowderMilk,A,0
3,9,PowderMilk,B,0
3,9,PowderMilk,C,0
3,9,PowderMilk,D,0
3,9,Flavour,A,0
3,9,Flavour,B,0
3,9,Flavour,C,0
3,9,Flavour,D,0
3,10,Sugar,A,0
3,10,Sugar,B,0
3,10,Sugar,C,0
3,10,Sugar,D,0
3,10,PowderMilk,A,0
3,10,PowderMilk,B,0
3,10,PowderMilk,C,0
3,10,PowderMilk,D,0
3,10,Flavour,A,0
3,10,Flavour,B,0
3,10,Flavour,C,0
3,10,Flavour,D,0
3,11,Sugar,A,0
3,11,Sugar,B,0
3,11,Sugar,C,0
3,11,Sugar,D,0
3,11,PowderMilk,A,0
3,11,PowderMilk,B,0
3,11,PowderMilk,C,0
3,11,PowderMilk,D,0
3,11,Flavour,A,0
3,11,Flavour,B,0
3,11,Flavour,C,0
3,11,Flavour,D,0
3,12,Sugar,A,0
3,12,Sugar,B,0
3,12,Sugar,C,0
3,12,Sugar,D,0
3,12,PowderMilk,A,0
3,12,PowderMilk,B,0
3,12,PowderMilk,C,0
3,12,PowderMilk,D,0
3,12,Flavour,A,0
3,12,Flavour,B,0
3,12,Flavour,C,0
3,12,Flavour,D,0
3,13,Sugar,A,0
3,13,Sugar,B,0
3,13,Sugar,C,0
3,13,Sugar,D,0
3,13,PowderMilk,A,0
3,13,PowderMilk,B,0
3,13,PowderMilk,C,0
3,13,PowderMilk,D,0
3,13,Flavour,A,0
3,13,Flavour,B,0
3,13,Flavour,C,0
3,13,Flavour,D,0
3,14,Sugar,A,0
3,14,Sugar,B,0
3,14,Sugar,C,0
3,14,Sugar,D,0
3,14,PowderMilk,A,0
3,14,PowderMilk,B,0
3,14,PowderMilk,C,0
3,14,PowderMilk,D,0
3,14,Flavour,A,0
3,14,Flavour,B,0
3,14,Flavour,C,0
3,14,Flavour,D,0
3,15,Sugar,A,0
3,15,Sugar,B,0
3,15,Sugar,C,0
3,15,Sugar,D,0
3,15,PowderMilk,A,0
3,15,PowderMilk,B,0
3,15,PowderMilk,C,0
3,15,PowderMilk,D,0
3,15,Flavour,A,0
3,15,Flavour,B,0
3,15,Flavour,C,0
3,15,Flavour,D,0
3,16,Sugar,A,0
3,16,Sugar,B,0
3,16,Sugar,C,0
3,16,Sugar,D,0
3,16,PowderMilk,A,0
3,16,PowderMilk,B,0
3,16,PowderMilk,C,0
3,16,PowderMilk,D,0
3,16,Flavour,A,0
3,16,Flavour,B,0
3,16,Flavour,C,0
3,16,Flavour,D,0
3,17,Sugar,A,0
3,17,Sugar,B,0
3,17,Sugar,C,0
3,17,Sugar,D,0
3,17,PowderMilk,A,0
3,17,PowderMilk,B,0
3,17,PowderMilk,C,1
3,17,PowderMilk,D,0
3,17,Flavour,A,0
3,17,Flavour,B,0
3,17,Flavour,C,0
3,17,Flavour,D,0
3,18,Sugar,A,0
3,18,Sugar,B,0
3,18,Sugar,C,0
3,18,Sugar,D,0
3,18,PowderMilk,A,0
3,18,PowderMilk,B,0
3,18,PowderMilk,C,0
3,18,PowderMilk,D,0
3,18,Flavour,A,0
3,18,Flavour,B,0
3,18,Flavour,C,0
3,18,Flavour,D,0
3,19,Sugar,A,0
3,19,Sugar,B,0
3,19,Sugar,C,0
3,19,Sugar,D,0
3,19,PowderMilk,A,0
3,19,PowderMilk,B,0
3,19,PowderMilk,C,0
3,19,PowderMilk,D,0
3,19,Flavour,A,0
3,19,Flavour,B,0
3,19,Flavour,C,0
3,19,Flavour,D,0
3,20,Sugar,A,0
3,20,Sugar,B,0
3,20,Sugar,C,0
3,20,Sugar,D,0
3,20,PowderMilk,A,0
3,20,PowderMilk,B,0
3,20,PowderMilk,C,0
3,20,PowderMilk,D,0
3,20,Flavour,A,0
3,20,Flavour,B,0
3,20,Flavour,C,0
3,20,Flavour,D,0
3,21,Sugar,A,0
3,21,Sugar,B,0
3,21,Sugar,C,0
3,21,Sugar,D,0
3,21,PowderMilk,A,0
3,21,PowderMilk,B,0
3,21,PowderMilk,C,0
3,21,PowderMilk,D,0
3,21,Flavour,A,0
3,21,Flavour,B,0
3,21,Flavour,C,0
3,21,Flavour,D,0
3,22,Sugar,A,0
3,22,Sugar,B,0
3,22,Sugar,C,0
3,22,Sugar,D,0
3,22,PowderMilk,A,0
3,22,PowderMilk,B,0
3,22,PowderMilk,C,0
3,22,PowderMilk,D,0
3,22,Flavour,A,0
3,22,Flavour,B,0
3,22,Flavour,C,0
3,22,Flavour,D,0
3,23,Sugar,A,0
3,23,Sugar,B,0
3,23,Sugar,C,0
3,23,Sugar,D,0
3,23,PowderMilk,A,0
3,23,PowderMilk,B,0
3,23,PowderMilk,C,0
3,23,PowderMilk,D,0
3,23,Flavour,A,0
3,23,Flavour,B,0
3,23,Flavour,C,0
3,23,Flavour,D,0
3,24,Sugar,A,0
3,24,Sugar,B,0
3,24,Sugar,C,0
3,24,Sugar,D,0
3,24,PowderMilk,A,0
3,24,PowderMilk,B,0
3,24,PowderMilk,C,0
3,24,PowderMilk,D,0
3,24,Flavour,A,0
3,24,Flavour,B,0
3,24,Flavour,C,0
3,24,Flavour,D,0
3,25,Sugar,A,0
3,25,Sugar,B,0
3,25,Sugar,C,0
3,25,Sugar,D,0
3,25,PowderMilk,A,0
3,25,PowderMilk,B,0
3,25,PowderMilk,C,0
3,25,PowderMilk,D,0
3,25,Flavour,A,0
3,25,Flavour,B,0
3,25,Flavour,C,0
3,25,Flavour,D,0
3,26,Sugar,A,0
3,26,Sugar,B,0
3,26,Sugar,C,0
3,26,Sugar,D,0
3,26,PowderMilk,A,0
3,26,PowderMilk,B,0
3,26,PowderMilk,C,0
3,26,PowderMilk,D,0
3,26,Flavour,A,0
3,26,Flavour,B,0
3,26,Flavour,C,0
3,26,Flavour,D,0
3,27,Sugar,A,0
3,27,Sugar,B,0
3,27,Sugar,C,0
3,27,Sugar,D,0
3,27,PowderMilk,A,0
3,27,PowderMilk,B,0
3,27,PowderMilk,C,0
3,27,PowderMilk,D,0
3,27,Flavour,A,0
3,27,Flavour,B,0
3,27,Flavour,C,0
3,27,Flavour,D,0
3,28,Sugar,A,0
3,28,Sugar,B,0
3,28,Sugar,C,0
3,28,Sugar,D,0
3,28,PowderMilk,A,0
3,28,PowderMilk,B,0
3,28,PowderMilk,C,0
3,28,PowderMilk,D,0
3,28,Flavour,A,0
3,28,Flavour,B,0
3,28,Flavour,C,0
3,28,Flavour,D,0
3,29,Sugar,A,0
3,29,Sugar,B,0
3,29,Sugar,C,0
3,29,Sugar,D,0
3,29,PowderMilk,A,0
3,29,PowderMilk,B,0
3,29,PowderMilk,C,0
3,29,PowderMilk,D,0
3,29,Flavour,A,0
3,29,Flavour,B,0
3,29,Flavour,C,0
3,29,Flavour,D,0
3,30,Sugar,A,0
3,30,Sugar,B,0
3,30,Sugar,C,0
3,30,Sugar,D,0
3,30,PowderMilk,A,0
3,30,PowderMilk,B,0
3,30,PowderMilk,C,0
3,30,PowderMilk,D,0
3,30,Flavour,A,0
3,30,Flavour,B,0
3,30,Flavour,C,1
3,30,Flavour,D,0
4,1,Sugar,A,115
4,1,Sugar,B,0
4,1,Sugar,C,0
4,1,Sugar,D,0
4,1,PowderMilk,A,96
4,1,PowderMilk,B,0
4,1,PowderMilk,C,0
4,1,PowderMilk,D,0
4,1,Flavour,A,0
4,1,Flavour,B,0
4,1,Flavour,C,0
4,1,Flavour,D,0
4,2,Sugar,A,72
4,2,Sugar,B,0
4,2,Sugar,C,0
4,2,Sugar,D,0
4,2,PowderMilk,A,33
4,2,PowderMilk,B,0
4,2,PowderMilk,C,0
4,2,PowderMilk,D,0
4,2,Flavour,A,0
4,2,Flavour,B,0
4,2,Flavour,C,0
4,2,Flavour,D,0
4,3,Sugar,A,99
4,3,Sugar,B,0
4,3,Sugar,C,0
4,3,Sugar,D,0
4,3,PowderMilk,A,132
4,3,PowderMilk,B,0
4,3,PowderMilk,C,0
4,3,PowderMilk,D,0
4,3,Flavour,A,0
4,3,Flavour,B,0
4,3,Flavour,C,0
4,3,Flavour,D,0
4,4,Sugar,A,0
4,4,Sugar,B,0
4,4,Sugar,C,0
4,4,Sugar,D,0
4,4,PowderMilk,A,0
4,4,PowderMilk,B,0
4,4,PowderMilk,C,0
4,4,PowderMilk,D,0
4,4,Flavour,A,0
4,4,Flavour,B,0
4,4,Flavour,C,0
4,4,Flavour,D,0
4,5,Sugar,A,75
4,5,Sugar,B,0
4,5,Sugar,C,0
4,5,Sugar,D,0
4,5,PowderMilk,A,57
4,5,PowderMilk,B,0
4,5,PowderMilk,C,0
4,5,PowderMilk,D,0
4,5,Flavour,A,0
4,5,Flavour,B,0
4,5,Flavour,C,0
4,5,Flavour,D,0
4,6,Sugar,A,97
4,6,Sugar,B,0
4,6,Sugar,C,0
4,6,Sugar,D,0
4,6,PowderMilk,A,149
4,6,PowderMilk,B,0
4,6,PowderMilk,C,0
4,6,PowderMilk,D,0
4,6,Flavour,A,0
4,6,Flavour,B,0
4,6,Flavour,C,0
4,6,Flavour,D,0
4,7,Sugar,A,0
4,7,Sugar,B,0
4,7,Sugar,C,0
4,7,Sugar,D,0
4,7,PowderMilk,A,0
4,7,PowderMilk,B,0
4,7,PowderMilk,C,0
4,7,PowderMilk,D,0
4,7,Flavour,A,0
4,7,Flavour,B,0
4,7,Flavour,C,0
4,7,Flavour,D,0
4,8,Sugar,A,77
4,8,Sugar,B,0
4,8,Sugar,C,0
4,8,Sugar,D,0
4,8,PowderMilk,A,39
4,8,PowderMilk,B,0
4,8,PowderMilk,C,0
4,8,PowderMilk,D,0
4,8,Flavour,A,0
4,8,Flavour,B,0
4,8,Flavour,C,0
4,8,Flavour,D,0
4,9,Sugar,A,192
4,9,Sugar,B,0
4,9,Sugar,C,0
4,9,Sugar,D,0
4,9,PowderMilk,A,177
4,9,PowderMilk,B,0
4,9,PowderMilk,C,0
4,9,PowderMilk,D,0
4,9,Flavour,A,0
4,9,Flavour,B,0
4,9,Flavour,C,0
4,9,Flavour,D,0
4,10,Sugar,A,0
4,10,Sugar,B,0
4,10,Sugar,C,0
4,10,Sugar,D,0
4,10,PowderMilk,A,0
4,10,PowderMilk,B,0
4,10,PowderMilk,C,0
4,10,PowderMilk,D,0
4,10,Flavour,A,0
4,10,Flavour,B,0
4,10,Flavour,C,0
4,10,Flavour,D,0
4,11,Sugar,A,25
4,11,Sugar,B,0
4,11,Sugar,C,0
4,11,Sugar,D,0
4,11,PowderMilk,A,18
4,11,PowderMilk,B,0
4,11,PowderMilk,C,0
4,11,PowderMilk,D,0
4,11,Flavour,A,0
4,11,Flavour,B,0
4,11,Flavour,C,0
4,11,Flavour,D,0
4,12,Sugar,A,24
4,12,Sugar,B,0
4,12,Sugar,C,0
4,12,Sugar,D,0
4,12,PowderMilk,A,8
4,12,PowderMilk,B,0
4,12,PowderMilk,C,0
4,12,PowderMilk,D,0
4,12,Flavour,A,0
4,12,Flavour,B,0
4,12,Flavour,C,0
4,12,Flavour,D,0
4,13,Sugar,A,24
4,13,Sugar,B,0
4,13,Sugar,C,0
4,13,Sugar,D,0
4,13,PowderMilk,A,9
4,13,PowderMilk,B,0
4,13,PowderMilk,C,0
4,13,PowderMilk,D,0
4,13,Flavour,A,0
4,13,Flavour,B,0
4,13,Flavour,C,0
4,13,Flavour,D,0
4,14,Sugar,A,0
4,14,Sugar,B,0
4,14,Sugar,C,0
4,14,Sugar,D,0
4,14,PowderMilk,A,0
4,14,PowderMilk,B,0
4,14,PowderMilk,C,0
4,14,PowderMilk,D,0
4,14,Flavour,A,0
4,14,Flavour,B,0
4,14,Flavour,C,0
4,14,Flavour,D,0
4,15,Sugar,A,84
4,15,Sugar,B,0
4,15,Sugar,C,0
4,15,Sugar,D,0
4,15,PowderMilk,A,49
4,15,PowderMilk,B,0
4,15,PowderMilk,C,0
4,15,PowderMilk,D,0
4,15,Flavour,A,0
4,15,Flavour,B,0
4,15,Flavour,C,0
4,15,Flavour,D,0
4,16,Sugar,A,85
4,16,Sugar,B,0
4,16,Sugar,C,0
4,16,Sugar,D,0
4,16,PowderMilk,A,26
4,16,PowderMilk,B,0
4,16,PowderMilk,C,0
4,16,PowderMilk,D,0
4,16,Flavour,A,0
4,16,Flavour,B,0
4,16,Flavour,C,0
4,16,Flavour,D,0
4,17,Sugar,A,92
4,17,Sugar,B,0
4,17,Sugar,C,0
4,17,Sugar,D,0
4,17,PowderMilk,A,67
4,17,PowderMilk,B,0
4,17,PowderMilk,C,0
4,17,PowderMilk,D,0
4,17,Flavour,A,0
4,17,Flavour,B,0
4,17,Flavour,C,0
4,17,Flavour,D,0
4,18,Sugar,A,96
4,18,Sugar,B,0
4,18,Sugar,C,0
4,18,Sugar,D,0
4,18,PowderMilk,A,43
4,18,PowderMilk,B,0
4,18,PowderMilk,C,0
4,18,PowderMilk,D,0
4,18,Flavour,A,0
4,18,Flavour,B,0
4,18,Flavour,C,0
4,18,Flavour,D,0
4,19,Sugar,A,42
4,19,Sugar,B,0
4,19,Sugar,C,0
4,19,Sugar,D,0
4,19,PowderMilk,A,12
4,19,PowderMilk,B,0
4,19,PowderMilk,C,0
4,19,PowderMilk,D,0
4,19,Flavour,A,0
4,19,Flavour,B,0
4,19,Flavour,C,0
4,19,Flavour,D,0
4,20,Sugar,A,0
4,20,Sugar,B,0
4,20,Sugar,C,0
4,20,Sugar,D,0
4,20,PowderMilk,A,0
4,20,PowderMilk,B,0
4,20,PowderMilk,C,0
4,20,PowderMilk,D,0
4,20,Flavour,A,0
4,20,Flavour,B,0
4,20,Flavour,C,0
4,20,Flavour,D,0
4,21,Sugar,A,75
4,21,Sugar,B,0
4,21,Sugar,C,0
4,21,Sugar,D,0
4,21,PowderMilk,A,30
4,21,PowderMilk,B,0
4,21,PowderMilk,C,0
4,21,PowderMilk,D,0
4,21,Flavour,A,0
4,21,Flavour,B,0
4,21,Flavour,C,0
4,21,Flavour,D,0
4,22,Sugar,A,0
4,22,Sugar,B,0
4,22,Sugar,C,0
4,22,Sugar,D,0
4,22,PowderMilk,A,0
4,22,PowderMilk,B,0
4,22,PowderMilk,C,0
4,22,PowderMilk,D,0
4,22,Flavour,A,0
4,22,Flavour,B,0
4,22,Flavour,C,0
4,22,Flavour,D,0
4,23,Sugar,A,0
4,23,Sugar,B,0
4,23,Sugar,C,0
4,23,Sugar,D,0
4,23,PowderMilk,A,0
4,23,PowderMilk,B,0
4,23,PowderMilk,C,0
4,23,PowderMilk,D,0
4,23,Flavour,A,0
4,23,Flavour,B,0
4,23,Flavour,C,0
4,23,Flavour,D,0
4,24,Sugar,A,0
4,24,Sugar,B,0
4,24,Sugar,C,0
4,24,Sugar,D,0
4,24,PowderMilk,A,0
4,24,PowderMilk,B,0
4,24,PowderMilk,C,0
4,24,PowderMilk,D,0
4,24,Flavour,A,0
4,24,Flavour,B,0
4,24,Flavour,C,0
4,24,Flavour,D,0
4,25,Sugar,A,82
4,25,Sugar,B,0
4,25,Sugar,C,0
4,25,Sugar,D,0
4,25,PowderMilk,A,61
4,25,PowderMilk,B,0
4,25,PowderMilk,C,0
4,25,PowderMilk,D,0
4,25,Flavour,A,0
4,25,Flavour,B,0
4,25,Flavour,C,0
4,25,Flavour,D,0
4,26,Sugar,A,104
4,26,Sugar,B,0
4,26,Sugar,C,0
4,26,Sugar,D,0
4,26,PowderMilk,A,52
4,26,PowderMilk,B,0
4,26,PowderMilk,C,0
4,26,PowderMilk,D,0
4,26,Flavour,A,0
4,26,Flavour,B,0
4,26,Flavour,C,0
4,26,Flavour,D,0
4,27,Sugar,A,47
4,27,Sugar,B,0
4,27,Sugar,C,0
4,27,Sugar,D,0
4,27,PowderMilk,A,25
4,27,PowderMilk,B,0
4,27,PowderMilk,C,0
4,27,PowderMilk,D,0
4,27,Flavour,A,0
4,27,Flavour,B,0
4,27,Flavour,C,0
4,27,Flavour,D,0
4,28,Sugar,A,84
4,28,Sugar,B,0
4,28,Sugar,C,0
4,28,Sugar,D,0
4,28,PowderMilk,A,43
4,28,PowderMilk,B,0
4,28,PowderMilk,C,0
4,28,PowderMilk,D,0
4,28,Flavour,A,0
4,28,Flavour,B,0
4,28,Flavour,C,0
4,28,Flavour,D,0
4,29,Sugar,A,70
4,29,Sugar,B,0
4,29,Sugar,C,0
4,29,Sugar,D,0
4,29,PowderMilk,A,48
4,29,PowderMilk,B,0
4,29,PowderMilk,C,0
4,29,PowderMilk,D,0
4,29,Flavour,A,0
4,29,Flavour,B,0
4,29,Flavour,C,0
4,29,Flavour,D,0
4,30,Sugar,A,18
4,30,Sugar,B,0
4,30,Sugar,C,0
4,30,Sugar,D,0
4,30,PowderMilk,A,15
4,30,PowderMilk,B,0
4,30,PowderMilk,C,0
4,30,PowderMilk,D,0
4,30,Flavour,A,0
4,30,Flavour,B,0
4,30,Flavour,C,0
4,30,Flavour,D,0
5,1,Sugar,A,0
5,1,Sugar,B,0
5,1,Sugar,C,0
5,1,Sugar,D,0
5,1,PowderMilk,A,0
5,1,PowderMilk,B,0
5,1,PowderMilk,C,0
5,1,PowderMilk,D,0
5,1,Flavour,A,0
5,1,Flavour,B,0
5,1,Flavour,C,0
5,1,Flavour,D,0
5,2,Sugar,A,0
5,2,Sugar,B,0
5,2,Sugar,C,0
5,2,Sugar,D,0
5,2,PowderMilk,A,0
5,2,PowderMilk,B,0
5,2,PowderMilk,C,0
5,2,PowderMilk,D,0
5,2,Flavour,A,0
5,2,Flavour,B,0
5,2,Flavour,C,0
5,2,Flavour,D,0
5,3,Sugar,A,0
5,3,Sugar,B,0
5,3,Sugar,C,0
5,3,Sugar,D,0
5,3,PowderMilk,A,0
5,3,PowderMilk,B,0
5,3,PowderMilk,C,0
5,3,PowderMilk,D,0
5,3,Flavour,A,0
5,3,Flavour,B,0
5,3,Flavour,C,0
5,3,Flavour,D,0
5,4,Sugar,A,0
5,4,Sugar,B,0
5,4,Sugar,C,0
5,4,Sugar,D,0
5,4,PowderMilk,A,0
5,4,PowderMilk,B,0
5,4,PowderMilk,C,0
5,4,PowderMilk,D,0
5,4,Flavour,A,0
5,4,Flavour,B,0
5,4,Flavour,C,0
5,4,Flavour,D,0
5,5,Sugar,A,0
5,5,Sugar,B,0
5,5,Sugar,C,0
5,5,Sugar,D,0
5,5,PowderMilk,A,0
5,5,PowderMilk,B,0
5,5,PowderMilk,C,0
5,5,PowderMilk,D,0
5,5,Flavour,A,0
5,5,Flavour,B,0
5,5,Flavour,C,0
5,5,Flavour,D,0
5,6,Sugar,A,0
5,6,Sugar,B,0
5,6,Sugar,C,0
5,6,Sugar,D,0
5,6,PowderMilk,A,0
5,6,PowderMilk,B,0
5,6,PowderMilk,C,0
5,6,PowderMilk,D,0
5,6,Flavour,A,0
5,6,Flavour,B,0
5,6,Flavour,C,0
5,6,Flavour,D,0
5,7,Sugar,A,0
5,7,Sugar,B,0
5,7,Sugar,C,0
5,7,Sugar,D,0
5,7,PowderMilk,A,0
5,7,PowderMilk,B,0
5,7,PowderMilk,C,0
5,7,PowderMilk,D,0
5,7,Flavour,A,0
5,7,Flavour,B,0
5,7,Flavour,C,0
5,7,Flavour,D,0
5,8,Sugar,A,0
5,8,Sugar,B,0
5,8,Sugar,C,0
5,8,Sugar,D,0
5,8,PowderMilk,A,0
5,8,PowderMilk,B,0
5,8,PowderMilk,C,0
5,8,PowderMilk,D,0
5,8,Flavour,A,0
5,8,Flavour,B,0
5,8,Flavour,C,0
5,8,Flavour,D,0
5,9,Sugar,A,0
5,9,Sugar,B,0
5,9,Sugar,C,0
5,9,Sugar,D,0
5,9,PowderMilk,A,0
5,9,PowderMilk,B,0
5,9,PowderMilk,C,0
5,9,PowderMilk,D,0
5,9,Flavour,A,0
5,9,Flavour,B,0
5,9,Flavour,C,0
5,9,Flavour,D,0
5,10,Sugar,A,0
5,10,Sugar,B,0
5,10,Sugar,C,0
5,10,Sugar,D,0
5,10,PowderMilk,A,0
5,10,PowderMilk,B,0
5,10,PowderMilk,C,0
5,10,PowderMilk,D,0
5,10,Flavour,A,0
5,10,Flavour,B,0
5,10,Flavour,C,0
5,10,Flavour,D,0
5,11,Sugar,A,0
5,11,Sugar,B,0
5,11,Sugar,C,0
5,11,Sugar,D,0
5,11,PowderMilk,A,0
5,11,PowderMilk,B,0
5,11,PowderMilk,C,0
5,11,PowderMilk,D,0
5,11,Flavour,A,0
5,11,Flavour,B,0
5,11,Flavour,C,0
5,11,Flavour,D,0
5,12,Sugar,A,0
5,12,Sugar,B,0
5,12,Sugar,C,0
5,12,Sugar,D,0
5,12,PowderMilk,A,0
5,12,PowderMilk,B,0
5,12,PowderMilk,C,0
5,12,PowderMilk,D,0
5,12,Flavour,A,0
5,12,Flavour,B,0
5,12,Flavour,C,0
5,12,Flavour,D,0
5,13,Sugar,A,0
5,13,Sugar,B,0
5,13,Sugar,C,0
5,13,Sugar,D,0
5,13,PowderMilk,A,0
5,13,PowderMilk,B,0
5,13,PowderMilk,C,0
5,13,PowderMilk,D,0
5,13,Flavour,A,0
5,13,Flavour,B,0
5,13,Flavour,C,0
5,13,Flavour,D,0
5,14,Sugar,A,0
5,14,Sugar,B,0
5,14,Sugar,C,0
5,14,Sugar,D,0
5,14,PowderMilk,A,0
5,14,PowderMilk,B,0
5,14,PowderMilk,C,0
5,14,PowderMilk,D,0
5,14,Flavour,A,0
5,14,Flavour,B,0
5,14,Flavour,C,0
5,14,Flavour,D,0
5,15,Sugar,A,0
5,15,Sugar,B,0
5,15,Sugar,C,0
5,15,Sugar,D,0
5,15,PowderMilk,A,0
5,15,PowderMilk,B,0
5,15,PowderMilk,C,0
5,15,PowderMilk,D,0
5,15,Flavour,A,0
5,15,Flavour,B,0
5,15,Flavour,C,0
5,15,Flavour,D,0
5,16,Sugar,A,0
5,16,Sugar,B,0
5,16,Sugar,C,0
5,16,Sugar,D,0
5,16,PowderMilk,A,0
5,16,PowderMilk,B,0
5,16,PowderMilk,C,0
5,16,PowderMilk,D,0
5,16,Flavour,A,0
5,16,Flavour,B,0
5,16,Flavour,C,0
5,16,Flavour,D,0
5,17,Sugar,A,0
5,17,Sugar,B,0
5,17,Sugar,C,0
5,17,Sugar,D,0
5,17,PowderMilk,A,0
5,17,PowderMilk,B,0
5,17,PowderMilk,C,0
5,17,PowderMilk,D,0
5,17,Flavour,A,0
5,17,Flavour,B,0
5,17,Flavour,C,0
5,17,Flavour,D,0
5,18,Sugar,A,0
5,18,Sugar,B,0
5,18,Sugar,C,0
5,18,Sugar,D,0
5,18,PowderMilk,A,0
5,18,PowderMilk,B,0
5,18,PowderMilk,C,0
5,18,PowderMilk,D,0
5,18,Flavour,A,0
5,18,Flavour,B,0
5,18,Flavour,C,0
5,18,Flavour,D,0
5,19,Sugar,A,0
5,19,Sugar,B,0
5,19,Sugar,C,0
5,19,Sugar,D,0
5,19,PowderMilk,A,0
5,19,PowderMilk,B,0
5,19,PowderMilk,C,0
5,19,PowderMilk,D,0
5,19,Flavour,A,0
5,19,Flavour,B,0
5,19,Flavour,C,0
5,19,Flavour,D,0
5,20,Sugar,A,0
5,20,Sugar,B,0
5,20,Sugar,C,0
5,20,Sugar,D,0
5,20,PowderMilk,A,0
5,20,PowderMilk,B,0
5,20,PowderMilk,C,0
5,20,PowderMilk,D,0
5,20,Flavour,A,0
5,20,Flavour,B,0
5,20,Flavour,C,0
5,20,Flavour,D,0
5,21,Sugar,A,0
5,21,Sugar,B,0
5,21,Sugar,C,0
5,21,Sugar,D,0
5,21,PowderMilk,A,0
5,21,PowderMilk,B,0
5,21,PowderMilk,C,0
5,21,PowderMilk,D,0
5,21,Flavour,A,0
5,21,Flavour,B,0
5,21,Flavour,C,0
5,21,Flavour,D,0
5,22,Sugar,A,0
5,22,Sugar,B,0
5,22,Sugar,C,0
5,22,Sugar,D,0
5,22,PowderMilk,A,0
5,22,PowderMilk,B,0
5,22,PowderMilk,C,8
5,22,PowderMilk,D,0
5,22,Flavour,A,0
5,22,Flavour,B,0
5,22,Flavour,C,0
5,22,Flavour,D,0
5,23,Sugar,A,0
5,23,Sugar,B,0
5,23,Sugar,C,0
5,23,Sugar,D,0
5,23,PowderMilk,A,0
5,23,PowderMilk,B,0
5,23,PowderMilk,C,0
5,23,PowderMilk,D,0
5,23,Flavour,A,0
5,23,Flavour,B,0
5,23,Flavour,C,0
5,23,Flavour,D,0
5,24,Sugar,A,0
5,24,Sugar,B,0
5,24,Sugar,C,0
5,24,Sugar,D,0
5,24,PowderMilk,A,0
5,24,PowderMilk,B,0
5,24,PowderMilk,C,0
5,24,PowderMilk,D,0
5,24,Flavour,A,0
5,24,Flavour,B,0
5,24,Flavour,C,0
5,24,Flavour,D,0
5,25,Sugar,A,0
5,25,Sugar,B,0
5,25,Sugar,C,0
5,25,Sugar,D,0
5,25,PowderMilk,A,0
5,25,PowderMilk,B,0
5,25,PowderMilk,C,0
5,25,PowderMilk,D,0
5,25,Flavour,A,0
5,25,Flavour,B,0
5,25,Flavour,C,0
5,25,Flavour,D,0
5,26,Sugar,A,0
5,26,Sugar,B,0
5,26,Sugar,C,0
5,26,Sugar,D,0
5,26,PowderMilk,A,0
5,26,PowderMilk,B,0
5,26,PowderMilk,C,0
5,26,PowderMilk,D,0
5,26,Flavour,A,0
5,26,Flavour,B,0
5,26,Flavour,C,0
5,26,Flavour,D,0
5,27,Sugar,A,0
5,27,Sugar,B,0
5,27,Sugar,C,0
5,27,Sugar,D,0
5,27,PowderMilk,A,0
5,27,PowderMilk,B,0
5,27,PowderMilk,C,0
5,27,PowderMilk,D,0
5,27,Flavour,A,0
5,27,Flavour,B,0
5,27,Flavour,C,0
5,27,Flavour,D,0
5,28,Sugar,A,0
5,28,Sugar,B,0
5,28,Sugar,C,0
5,28,Sugar,D,0
5,28,PowderMilk,A,0
5,28,PowderMilk,B,0
5,28,PowderMilk,C,0
5,28,PowderMilk,D,0
5,28,Flavour,A,0
5,28,Flavour,B,0
5,28,Flavour,C,0
5,28,Flavour,D,0
5,29,Sugar,A,0
5,29,Sugar,B,0
5,29,Sugar,C,0
5,29,Sugar,D,0
5,29,PowderMilk,A,0
5,29,PowderMilk,B,0
5,29,PowderMilk,C,0
5,29,PowderMilk,D,0
5,29,Flavour,A,0
5,29,Flavour,B,0
5,29,Flavour,C,0
5,29,Flavour,D,0
5,30,Sugar,A,0
5,30,Sugar,B,0
5,30,Sugar,C,0
5,30,Sugar,D,0
5,30,PowderMilk,A,0
5,30,PowderMilk,B,0
5,30,PowderMilk,C,0
5,30,PowderMilk,D,0
5,30,Flavour,A,0
5,30,Flavour,B,0
5,30,Flavour,C,0
5,30,Flavour,D,0
6,1,Sugar,A,0
6,1,Sugar,B,0
6,1,Sugar,C,0
6,1,Sugar,D,0
6,1,PowderMilk,A,0
6,1,PowderMilk,B,0
6,1,PowderMilk,C,0
6,1,PowderMilk,D,0
6,1,Flavour,A,0
6,1,Flavour,B,0
6,1,Flavour,C,0
6,1,Flavour,D,0
6,2,Sugar,A,0
6,2,Sugar,B,0
6,2,Sugar,C,0
6,2,Sugar,D,0
6,2,PowderMilk,A,0
6,2,PowderMilk,B,0
6,2,PowderMilk,C,0
6,2,PowderMilk,D,0
6,2,Flavour,A,0
6,2,Flavour,B,0
6,2,Flavour,C,0
6,2,Flavour,D,0
6,3,Sugar,A,0
6,3,Sugar,B,0
6,3,Sugar,C,0
6,3,Sugar,D,0
6,3,PowderMilk,A,0
6,3,PowderMilk,B,0
6,3,PowderMilk,C,0
6,3,PowderMilk,D,0
6,3,Flavour,A,0
6,3,Flavour,B,0
6,3,Flavour,C,0
6,3,Flavour,D,0
6,4,Sugar,A,0
6,4,Sugar,B,0
6,4,Sugar,C,0
6,4,Sugar,D,0
6,4,PowderMilk,A,0
6,4,PowderMilk,B,0
6,4,PowderMilk,C,0
6,4,PowderMilk,D,0
6,4,Flavour,A,0
6,4,Flavour,B,0
6,4,Flavour,C,0
6,4,Flavour,D,0
6,5,Sugar,A,0
6,5,Sugar,B,0
6,5,Sugar,C,0
6,5,Sugar,D,0
6,5,PowderMilk,A,0
6,5,PowderMilk,B,0
6,5,PowderMilk,C,0
6,5,PowderMilk,D,0
6,5,Flavour,A,0
6,5,Flavour,B,0
6,5,Flavour,C,0
6,5,Flavour,D,0
6,6,Sugar,A,0
6,6,Sugar,B,0
6,6,Sugar,C,0
6,6,Sugar,D,0
6,6,PowderMilk,A,0
6,6,PowderMilk,B,0
6,6,PowderMilk,C,0
6,6,PowderMilk,D,0
6,6,Flavour,A,0
6,6,Flavour,B,0
6,6,Flavour,C,0
6,6,Flavour,D,0
6,7,Sugar,A,0
6,7,Sugar,B,0
6,7,Sugar,C,0
6,7,Sugar,D,0
6,7,PowderMilk,A,0
6,7,PowderMilk,B,0
6,7,PowderMilk,C,30
6,7,PowderMilk,D,0
6,7,Flavour,A,0
6,7,Flavour,B,0
6,7,Flavour,C,12
6,7,Flavour,D,0
6,8,Sugar,A,0
6,8,Sugar,B,0
6,8,Sugar,C,0
6,8,Sugar,D,0
6,8,PowderMilk,A,0
6,8,PowderMilk,B,0
6,8,PowderMilk,C,0
6,8,PowderMilk,D,0
6,8,Flavour,A,0
6,8,Flavour,B,0
6,8,Flavour,C,0
6,8,Flavour,D,0
6,9,Sugar,A,0
6,9,Sugar,B,0
6,9,Sugar,C,0
6,9,Sugar,D,0
6,9,PowderMilk,A,0
6,9,PowderMilk,B,0
6,9,PowderMilk,C,0
6,9,PowderMilk,D,0
6,9,Flavour,A,0
6,9,Flavour,B,0
6,9,Flavour,C,0
6,9,Flavour,D,0
6,10,Sugar,A,0
6,10,Sugar,B,0
6,10,Sugar,C,0
6,10,Sugar,D,0
6,10,PowderMilk,A,0
6,10,PowderMilk,B,0
6,10,PowderMilk,C,3
6,10,PowderMilk,D,0
6,10,Flavour,A,0
6,10,Flavour,B,0
6,10,Flavour,C,12
6,10,Flavour,D,0
6,11,Sugar,A,0
6,11,Sugar,B,0
6,11,Sugar,C,0
6,11,Sugar,D,0
6,11,PowderMilk,A,0
6,11,PowderMilk,B,0
6,11,PowderMilk,C,0
6,11,PowderMilk,D,0
6,11,Flavour,A,0
6,11,Flavour,B,0
6,11,Flavour,C,0
6,11,Flavour,D,0
6,12,Sugar,A,0
6,12,Sugar,B,0
6,12,Sugar,C,0
6,12,Sugar,D,0
6,12,PowderMilk,A,0
6,12,PowderMilk,B,0
6,12,PowderMilk,C,0
6,12,PowderMilk,D,0
6,12,Flavour,A,0
6,12,Flavour,B,0
6,12,Flavour,C,0
6,12,Flavour,D,0
6,13,Sugar,A,0
6,13,Sugar,B,0
6,13,Sugar,C,0
6,13,Sugar,D,0
6,13,PowderMilk,A,0
6,13,PowderMilk,B,0
6,13,PowderMilk,C,0
6,13,PowderMilk,D,0
6,13,Flavour,A,0
6,13,Flavour,B,0
6,13,Flavour,C,0
6,13,Flavour,D,0
6,14,Sugar,A,0
6,14,Sugar,B,0
6,14,Sugar,C,0
6,14,Sugar,D,0
6,14,PowderMilk,A,0
6,14,PowderMilk,B,0
6,14,PowderMilk,C,0
6,14,PowderMilk,D,0
6,14,Flavour,A,0
6,14,Flavour,B,0
6,14,Flavour,C,0
6,14,Flavour,D,0
6,15,Sugar,A,0
6,15,Sugar,B,0
6,15,Sugar,C,0
6,15,Sugar,D,0
6,15,PowderMilk,A,0
6,15,PowderMilk,B,0
6,15,PowderMilk,C,0
6,15,PowderMilk,D,0
6,15,Flavour,A,0
6,15,Flavour,B,0
6,15,Flavour,C,0
6,15,Flavour,D,0
6,16,Sugar,A,0
6,16,Sugar,B,0
6,16,Sugar,C,0
6,16,Sugar,D,0
6,16,PowderMilk,A,0
6,16,PowderMilk,B,0
6,16,PowderMilk,C,0
6,16,PowderMilk,D,0
6,16,Flavour,A,0
6,16,Flavour,B,0
6,16,Flavour,C,0
6,16,Flavour,D,0
6,17,Sugar,A,0
6,17,Sugar,B,0
6,17,Sugar,C,0
6,17,Sugar,D,0
6,17,PowderMilk,A,0
6,17,PowderMilk,B,0
6,17,PowderMilk,C,0
6,17,PowderMilk,D,0
6,17,Flavour,A,0
6,17,Flavour,B,0
6,17,Flavour,C,0
6,17,Flavour,D,0
6,18,Sugar,A,0
6,18,Sugar,B,0
6,18,Sugar,C,0
6,18,Sugar,D,0
6,18,PowderMilk,A,0
6,18,PowderMilk,B,0
6,18,PowderMilk,C,0
6,18,PowderMilk,D,0
6,18,Flavour,A,0
6,18,Flavour,B,0
6,18,Flavour,C,0
6,18,Flavour,D,0
6,19,Sugar,A,0
6,19,Sugar,B,0
6,19,Sugar,C,0
6,19,Sugar,D,0
6,19,PowderMilk,A,0
6,19,PowderMilk,B,0
6,19,PowderMilk,C,0
6,19,PowderMilk,D,0
6,19,Flavour,A,0
6,19,Flavour,B,0
6,19,Flavour,C,0
6,19,Flavour,D,0
6,20,Sugar,A,0
6,20,Sugar,B,0
6,20,Sugar,C,0
6,20,Sugar,D,0
6,20,PowderMilk,A,0
6,20,PowderMilk,B,0
6,20,PowderMilk,C,0
6,20,PowderMilk,D,0
6,20,Flavour,A,0
6,20,Flavour,B,0
6,20,Flavour,C,0
6,20,Flavour,D,0
6,21,Sugar,A,0
6,21,Sugar,B,0
6,21,Sugar,C,0
6,21,Sugar,D,0
6,21,PowderMilk,A,0
6,21,PowderMilk,B,0
6,21,PowderMilk,C,0
6,21,PowderMilk,D,0
6,21,Flavour,A,0
6,21,Flavour,B,0
6,21,Flavour,C,0
6,21,Flavour,D,0
6,22,Sugar,A,0
6,22,Sugar,B,0
6,22,Sugar,C,0
6,22,Sugar,D,0
6,22,PowderMilk,A,0
6,22,PowderMilk,B,0
6,22,PowderMilk,C,18
6,22,PowderMilk,D,0
6,22,Flavour,A,0
6,22,Flavour,B,0
6,22,Flavour,C,0
6,22,Flavour,D,0
6,23,Sugar,A,0
6,23,Sugar,B,0
6,23,Sugar,C,0
6,23,Sugar,D,0
6,23,PowderMilk,A,0
6,23,PowderMilk,B,0
6,23,PowderMilk,C,0
6,23,PowderMilk,D,0
6,23,Flavour,A,0
6,23,Flavour,B,0
6,23,Flavour,C,0
6,23,Flavour,D,0
6,24,Sugar,A,0
6,24,Sugar,B,0
6,24,Sugar,C,0
6,24,Sugar,D,0
6,24,PowderMilk,A,0
6,24,PowderMilk,B,0
6,24,PowderMilk,C,0
6,24,PowderMilk,D,0
6,24,Flavour,A,0
6,24,Flavour,B,0
6,24,Flavour,C,0
6,24,Flavour,D,0
6,25,Sugar,A,0
6,25,Sugar,B,0
6,25,Sugar,C,0
6,25,Sugar,D,0
6,25,PowderMilk,A,0
6,25,PowderMilk,B,0
6,25,PowderMilk,C,0
6,25,PowderMilk,D,0
6,25,Flavour,A,0
6,25,Flavour,B,0
6,25,Flavour,C,0
6,25,Flavour,D,0
6,26,Sugar,A,0
6,26,Sugar,B,0
6,26,Sugar,C,0
6,26,Sugar,D,0
6,26,PowderMilk,A,0
6,26,PowderMilk,B,0
6,26,PowderMilk,C,0
6,26,PowderMilk,D,0
6,26,Flavour,A,0
6,26,Flavour,B,0
6,26,Flavour,C,0
6,26,Flavour,D,0
6,27,Sugar,A,0
6,27,Sugar,B,0
6,27,Sugar,C,0
6,27,Sugar,D,0
6,27,PowderMilk,A,0
6,27,PowderMilk,B,0
6,27,PowderMilk,C,0
6,27,PowderMilk,D,0
6,27,Flavour,A,0
6,27,Flavour,B,0
6,27,Flavour,C,0
6,27,Flavour,D,0
6,28,Sugar,A,0
6,28,Sugar,B,0
6,28,Sugar,C,0
6,28,Sugar,D,0
6,28,PowderMilk,A,0
6,28,PowderMilk,B,0
6,28,PowderMilk,C,0
6,28,PowderMilk,D,0
6,28,Flavour,A,0
6,28,Flavour,B,0
6,28,Flavour,C,0
6,28,Flavour,D,0
6,29,Sugar,A,0
6,29,Sugar,B,0
6,29,Sugar,C,0
6,29,Sugar,D,0
6,29,PowderMilk,A,0
6,29,PowderMilk,B,0
6,29,PowderMilk,C,0
6,29,PowderMilk,D,0
6,29,Flavour,A,0
6,29,Flavour,B,0
6,29,Flavour,C,0
6,29,Flavour,D,0
6,30,Sugar,A,0
6,30,Sugar,B,0
6,30,Sugar,C,0
6,30,Sugar,D,0
6,30,PowderMilk,A,0
6,30,PowderMilk,B,0
6,30,PowderMilk,C,0
6,30,PowderMilk,D,0
6,30,Flavour,A,0
6,30,Flavour,B,0
6,30,Flavour,C,0
6,30,Flavour,D,0
7,1,Sugar,A,0
7,1,Sugar,B,0
7,1,Sugar,C,0
7,1,Sugar,D,0
7,1,PowderMilk,A,0
7,1,PowderMilk,B,0
7,1,PowderMilk,C,0
7,1,PowderMilk,D,0
7,1,Flavour,A,0
7,1,Flavour,B,0
7,1,Flavour,C,0
7,1,Flavour,D,0
7,2,Sugar,A,0
7,2,Sugar,B,0
7,2,Sugar,C,0
7,2,Sugar,D,0
7,2,PowderMilk,A,0
7,2,PowderMilk,B,0
7,2,PowderMilk,C,0
7,2,PowderMilk,D,0
7,2,Flavour,A,0
7,2,Flavour,B,0
7,2,Flavour,C,0
7,2,Flavour,D,0
7,3,Sugar,A,0
7,3,Sugar,B,0
7,3,Sugar,C,0
7,3,Sugar,D,0
7,3,PowderMilk,A,0
7,3,PowderMilk,B,0
7,3,PowderMilk,C,0
7,3,PowderMilk,D,0
7,3,Flavour,A,0
7,3,Flavour,B,0
7,3,Flavour,C,0
7,3,Flavour,D,0
7,4,Sugar,A,0
7,4,Sugar,B,0
7,4,Sugar,C,0
7,4,Sugar,D,0
7,4,PowderMilk,A,0
7,4,PowderMilk,B,0
7,4,PowderMilk,C,0
7,4,PowderMilk,D,0
7,4,Flavour,A,0
7,4,Flavour,B,0
7,4,Flavour,C,0
7,4,Flavour,D,0
7,5,Sugar,A,0
7,5,Sugar,B,0
7,5,Sugar,C,0
7,5,Sugar,D,0
7,5,PowderMilk,A,0
7,5,PowderMilk,B,0
7,5,PowderMilk,C,0
7,5,PowderMilk,D,0
7,5,Flavour,A,0
7,5,Flavour,B,0
7,5,Flavour,C,0
7,5,Flavour,D,0
7,6,Sugar,A,0
7,6,Sugar,B,0
7,6,Sugar,C,0
7,6,Sugar,D,0
7,6,PowderMilk,A,0
7,6,PowderMilk,B,0
7,6,PowderMilk,C,0
7,6,PowderMilk,D,0
7,6,Flavour,A,0
7,6,Flavour,B,0
7,6,Flavour,C,0
7,6,Flavour,D,0
7,7,Sugar,A,0
7,7,Sugar,B,0
7,7,Sugar,C,0
7,7,Sugar,D,0
7,7,PowderMilk,A,0
7,7,PowderMilk,B,0
7,7,PowderMilk,C,0
7,7,PowderMilk,D,0
7,7,Flavour,A,0
7,7,Flavour,B,0
7,7,Flavour,C,0
7,7,Flavour,D,0
7,8,Sugar,A,0
7,8,Sugar,B,0
7,8,Sugar,C,0
7,8,Sugar,D,0
7,8,PowderMilk,A,0
7,8,PowderMilk,B,0
7,8,PowderMilk,C,0
7,8,PowderMilk,D,0
7,8,Flavour,A,0
7,8,Flavour,B,0
7,8,Flavour,C,0
7,8,Flavour,D,0
7,9,Sugar,A,0
7,9,Sugar,B,0
7,9,Sugar,C,0
7,9,Sugar,D,0
7,9,PowderMilk,A,0
7,9,PowderMilk,B,0
7,9,PowderMilk,C,0
7,9,PowderMilk,D,0
7,9,Flavour,A,0
7,9,Flavour,B,0
7,9,Flavour,C,0
7,9,Flavour,D,0
7,10,Sugar,A,0
7,10,Sugar,B,0
7,10,Sugar,C,0
7,10,Sugar,D,0
7,10,PowderMilk,A,0
7,10,PowderMilk,B,0
7,10,PowderMilk,C,0
7,10,PowderMilk,D,0
7,10,Flavour,A,0
7,10,Flavour,B,0
7,10,Flavour,C,0
7,10,Flavour,D,0
7,11,Sugar,A,0
7,11,Sugar,B,0
7,11,Sugar,C,0
7,11,Sugar,D,0
7,11,PowderMilk,A,0
7,11,PowderMilk,B,0
7,11,PowderMilk,C,0
7,11,PowderMilk,D,0
7,11,Flavour,A,0
7,11,Flavour,B,0
7,11,Flavour,C,0
7,11,Flavour,D,0
7,12,Sugar,A,0
7,12,Sugar,B,0
7,12,Sugar,C,0
7,12,Sugar,D,0
7,12,PowderMilk,A,0
7,12,PowderMilk,B,0
7,12,PowderMilk,C,0
7,12,PowderMilk,D,0
7,12,Flavour,A,0
7,12,Flavour,B,0
7,12,Flavour,C,0
7,12,Flavour,D,0
7,13,Sugar,A,0
7,13,Sugar,B,0
7,13,Sugar,C,0
7,13,Sugar,D,12
7,13,PowderMilk,A,0
7,13,PowderMilk,B,0
7,13,PowderMilk,C,0
7,13,PowderMilk,D,0
7,13,Flavour,A,0
7,13,Flavour,B,0
7,13,Flavour,C,0
7,13,Flavour,D,0
7,14,Sugar,A,0
7,14,Sugar,B,0
7,14,Sugar,C,0
7,14,Sugar,D,0
7,14,PowderMilk,A,0
7,14,PowderMilk,B,0
7,14,PowderMilk,C,0
7,14,PowderMilk,D,0
7,14,Flavour,A,0
7,14,Flavour,B,0
7,14,Flavour,C,0
7,14,Flavour,D,0
7,15,Sugar,A,0
7,15,Sugar,B,0
7,15,Sugar,C,0
7,15,Sugar,D,0
7,15,PowderMilk,A,0
7,15,PowderMilk,B,0
7,15,PowderMilk,C,0
7,15,PowderMilk,D,0
7,15,Flavour,A,0
7,15,Flavour,B,0
7,15,Flavour,C,0
7,15,Flavour,D,0
7,16,Sugar,A,0
7,16,Sugar,B,0
7,16,Sugar,C,0
7,16,Sugar,D,0
7,16,PowderMilk,A,0
7,16,PowderMilk,B,0
7,16,PowderMilk,C,0
7,16,PowderMilk,D,0
7,16,Flavour,A,0
7,16,Flavour,B,0
7,16,Flavour,C,0
7,16,Flavour,D,0
7,17,Sugar,A,0
7,17,Sugar,B,0
7,17,Sugar,C,0
7,17,Sugar,D,0
7,17,PowderMilk,A,0
7,17,PowderMilk,B,0
7,17,PowderMilk,C,0
7,17,PowderMilk,D,0
7,17,Flavour,A,0
7,17,Flavour,B,0
7,17,Flavour,C,0
7,17,Flavour,D,0
7,18,Sugar,A,0
7,18,Sugar,B,0
7,18,Sugar,C,0
7,18,Sugar,D,0
7,18,PowderMilk,A,0
7,18,PowderMilk,B,0
7,18,PowderMilk,C,0
7,18,PowderMilk,D,0
7,18,Flavour,A,0
7,18,Flavour,B,0
7,18,Flavour,C,0
7,18,Flavour,D,0
7,19,Sugar,A,0
7,19,Sugar,B,0
7,19,Sugar,C,0
7,19,Sugar,D,0
7,19,PowderMilk,A,0
7,19,PowderMilk,B,0
7,19,PowderMilk,C,0
7,19,PowderMilk,D,0
7,19,Flavour,A,0
7,19,Flavour,B,0
7,19,Flavour,C,0
7,19,Flavour,D,0
7,20,Sugar,A,0
7,20,Sugar,B,0
7,20,Sugar,C,0
7,20,Sugar,D,0
7,20,PowderMilk,A,0
7,20,PowderMilk,B,0
7,20,PowderMilk,C,0
7,20,PowderMilk,D,0
7,20,Flavour,A,0
7,20,Flavour,B,0
7,20,Flavour,C,0
7,20,Flavour,D,0
7,21,Sugar,A,0
7,21,Sugar,B,0
7,21,Sugar,C,0
7,21,Sugar,D,0
7,21,PowderMilk,A,0
7,21,PowderMilk,B,0
7,21,PowderMilk,C,0
7,21,PowderMilk,D,0
7,21,Flavour,A,0
7,21,Flavour,B,0
7,21,Flavour,C,0
7,21,Flavour,D,0
7,22,Sugar,A,0
7,22,Sugar,B,0
7,22,Sugar,C,0
7,22,Sugar,D,0
7,22,PowderMilk,A,0
7,22,PowderMilk,B,0
7,22,PowderMilk,C,0
7,22,PowderMilk,D,0
7,22,Flavour,A,0
7,22,Flavour,B,0
7,22,Flavour,C,0
7,22,Flavour,D,0
7,23,Sugar,A,0
7,23,Sugar,B,0
7,23,Sugar,C,0
7,23,Sugar,D,0
7,23,PowderMilk,A,0
7,23,PowderMilk,B,0
7,23,PowderMilk,C,0
7,23,PowderMilk,D,0
7,23,Flavour,A,0
7,23,Flavour,B,0
7,23,Flavour,C,0
7,23,Flavour,D,0
7,24,Sugar,A,0
7,24,Sugar,B,0
7,24,Sugar,C,0
7,24,Sugar,D,0
7,24,PowderMilk,A,0
7,24,PowderMilk,B,0
7,24,PowderMilk,C,0
7,24,PowderMilk,D,0
7,24,Flavour,A,0
7,24,Flavour,B,0
7,24,Flavour,C,0
7,24,Flavour,D,0
7,25,Sugar,A,0
7,25,Sugar,B,0
7,25,Sugar,C,0
7,25,Sugar,D,0
7,25,PowderMilk,A,0
7,25,PowderMilk,B,0
7,25,PowderMilk,C,0
7,25,PowderMilk,D,0
7,25,Flavour,A,0
7,25,Flavour,B,0
7,25,Flavour,C,0
7,25,Flavour,D,0
7,26,Sugar,A,0
7,26,Sugar,B,0
7,26,Sugar,C,0
7,26,Sugar,D,0
7,26,PowderMilk,A,0
7,26,PowderMilk,B,0
7,26,PowderMilk,C,0
7,26,PowderMilk,D,0
7,26,Flavour,A,0
7,26,Flavour,B,0
7,26,Flavour,C,0
7,26,Flavour,D,0
7,27,Sugar,A,0
7,27,Sugar,B,0
7,27,Sugar,C,0
7,27,Sugar,D,0
7,27,PowderMilk,A,0
7,27,PowderMilk,B,0
7,27,PowderMilk,C,0
7,27,PowderMilk,D,0
7,27,Flavour,A,0
7,27,Flavour,B,0
7,27,Flavour,C,0
7,27,Flavour,D,0
7,28,Sugar,A,0
7,28,Sugar,B,0
7,28,Sugar,C,0
7,28,Sugar,D,0
7,28,PowderMilk,A,0
7,28,PowderMilk,B,0
7,28,PowderMilk,C,0
7,28,PowderMilk,D,0
7,28,Flavour,A,0
7,28,Flavour,B,0
7,28,Flavour,C,0
7,28,Flavour,D,0
7,29,Sugar,A,0
7,29,Sugar,B,0
7,29,Sugar,C,0
7,29,Sugar,D,0
7,29,PowderMilk,A,0
7,29,PowderMilk,B,0
7,29,PowderMilk,C,0
7,29,PowderMilk,D,0
7,29,Flavour,A,0
7,29,Flavour,B,0
7,29,Flavour,C,0
7,29,Flavour,D,0
7,30,Sugar,A,0
7,30,Sugar,B,0
7,30,Sugar,C,0
7,30,Sugar,D,0
7,30,PowderMilk,A,0
7,30,PowderMilk,B,0
7,30,PowderMilk,C,0
7,30,PowderMilk,D,0
7,30,Flavour,A,0
7,30,Flavour,B,0
7,30,Flavour,C,0
7,30,Flavour,D,0
8,1,Sugar,A,0
8,1,Sugar,B,0
8,1,Sugar,C,0
8,1,Sugar,D,0
8,1,PowderMilk,A,0
8,1,PowderMilk,B,0
8,1,PowderMilk,C,0
8,1,PowderMilk,D,0
8,1,Flavour,A,0
8,1,Flavour,B,0
8,1,Flavour,C,0
8,1,Flavour,D,0
8,2,Sugar,A,0
8,2,Sugar,B,0
8,2,Sugar,C,0
8,2,Sugar,D,0
8,2,PowderMilk,A,0
8,2,PowderMilk,B,0
8,2,PowderMilk,C,0
8,2,PowderMilk,D,0
8,2,Flavour,A,0
8,2,Flavour,B,0
8,2,Flavour,C,0
8,2,Flavour,D,0
8,3,Sugar,A,0
8,3,Sugar,B,0
8,3,Sugar,C,0
8,3,Sugar,D,0
8,3,PowderMilk,A,0
8,3,PowderMilk,B,0
8,3,PowderMilk,C,0
8,3,PowderMilk,D,0
8,3,Flavour,A,0
8,3,Flavour,B,0
8,3,Flavour,C,0
8,3,Flavour,D,0
8,4,Sugar,A,0
8,4,Sugar,B,0
8,4,Sugar,C,0
8,4,Sugar,D,53
8,4,PowderMilk,A,0
8,4,PowderMilk,B,0
8,4,PowderMilk,C,0
8,4,PowderMilk,D,0
8,4,Flavour,A,0
8,4,Flavour,B,0
8,4,Flavour,C,0
8,4,Flavour,D,0
8,5,Sugar,A,0
8,5,Sugar,B,0
8,5,Sugar,C,0
8,5,Sugar,D,0
8,5,PowderMilk,A,0
8,5,PowderMilk,B,0
8,5,PowderMilk,C,0
8,5,PowderMilk,D,0
8,5,Flavour,A,0
8,5,Flavour,B,0
8,5,Flavour,C,0
8,5,Flavour,D,0
8,6,Sugar,A,0
8,6,Sugar,B,0
8,6,Sugar,C,0
8,6,Sugar,D,0
8,6,PowderMilk,A,0
8,6,PowderMilk,B,0
8,6,PowderMilk,C,0
8,6,PowderMilk,D,0
8,6,Flavour,A,0
8,6,Flavour,B,0
8,6,Flavour,C,0
8,6,Flavour,D,0
8,7,Sugar,A,0
8,7,Sugar,B,0
8,7,Sugar,C,0
8,7,Sugar,D,0
8,7,PowderMilk,A,0
8,7,PowderMilk,B,0
8,7,PowderMilk,C,0
8,7,PowderMilk,D,0
8,7,Flavour,A,0
8,7,Flavour,B,0
8,7,Flavour,C,0
8,7,Flavour,D,0
8,8,Sugar,A,0
8,8,Sugar,B,0
8,8,Sugar,C,0
8,8,Sugar,D,0
8,8,PowderMilk,A,0
8,8,PowderMilk,B,0
8,8,PowderMilk,C,0
8,8,PowderMilk,D,0
8,8,Flavour,A,0
8,8,Flavour,B,0
8,8,Flavour,C,0
8,8,Flavour,D,0
8,9,Sugar,A,0
8,9,Sugar,B,0
8,9,Sugar,C,0
8,9,Sugar,D,0
8,9,PowderMilk,A,0
8,9,PowderMilk,B,0
8,9,PowderMilk,C,0
8,9,PowderMilk,D,0
8,9,Flavour,A,0
8,9,Flavour,B,0
8,9,Flavour,C,0
8,9,Flavour,D,0
8,10,Sugar,A,0
8,10,Sugar,B,0
8,10,Sugar,C,0
8,10,Sugar,D,0
8,10,PowderMilk,A,0
8,10,PowderMilk,B,0
8,10,PowderMilk,C,0
8,10,PowderMilk,D,0
8,10,Flavour,A,0
8,10,Flavour,B,0
8,10,Flavour,C,0
8,10,Flavour,D,0
8,11,Sugar,A,201
8,11,Sugar,B,0
8,11,Sugar,C,0
8,11,Sugar,D,0
8,11,PowderMilk,A,170
8,11,PowderMilk,B,0
8,11,PowderMilk,C,0
8,11,PowderMilk,D,0
8,11,Flavour,A,50
8,11,Flavour,B,0
8,11,Flavour,C,0
8,11,Flavour,D,0
8,12,Sugar,A,0
8,12,Sugar,B,0
8,12,Sugar,C,0
8,12,Sugar,D,0
8,12,PowderMilk,A,0
8,12,PowderMilk,B,0
8,12,PowderMilk,C,0
8,12,PowderMilk,D,0
8,12,Flavour,A,0
8,12,Flavour,B,0
8,12,Flavour,C,0
8,12,Flavour,D,0
8,13,Sugar,A,0
8,13,Sugar,B,0
8,13,Sugar,C,0
8,13,Sugar,D,51
8,13,PowderMilk,A,0
8,13,PowderMilk,B,0
8,13,PowderMilk,C,0
8,13,PowderMilk,D,0
8,13,Flavour,A,0
8,13,Flavour,B,0
8,13,Flavour,C,0
8,13,Flavour,D,0
8,14,Sugar,A,0
8,14,Sugar,B,0
8,14,Sugar,C,0
8,14,Sugar,D,34
8,14,PowderMilk,A,0
8,14,PowderMilk,B,0
8,14,PowderMilk,C,0
8,14,PowderMilk,D,0
8,14,Flavour,A,0
8,14,Flavour,B,0
8,14,Flavour,C,0
8,14,Flavour,D,0
8,15,Sugar,A,0
8,15,Sugar,B,0
8,15,Sugar,C,0
8,15,Sugar,D,0
8,15,PowderMilk,A,0
8,15,PowderMilk,B,0
8,15,PowderMilk,C,0
8,15,PowderMilk,D,0
8,15,Flavour,A,0
8,15,Flavour,B,0
8,15,Flavour,C,0
8,15,Flavour,D,0
8,16,Sugar,A,0
8,16,Sugar,B,0
8,16,Sugar,C,0
8,16,Sugar,D,0
8,16,PowderMilk,A,0
8,16,PowderMilk,B,0
8,16,PowderMilk,C,0
8,16,PowderMilk,D,0
8,16,Flavour,A,0
8,16,Flavour,B,0
8,16,Flavour,C,0
8,16,Flavour,D,0
8,17,Sugar,A,0
8,17,Sugar,B,0
8,17,Sugar,C,0
8,17,Sugar,D,0
8,17,PowderMilk,A,0
8,17,PowderMilk,B,0
8,17,PowderMilk,C,0
8,17,PowderMilk,D,0
8,17,Flavour,A,0
8,17,Flavour,B,0
8,17,Flavour,C,0
8,17,Flavour,D,0
8,18,Sugar,A,0
8,18,Sugar,B,0
8,18,Sugar,C,0
8,18,Sugar,D,0
8,18,PowderMilk,A,0
8,18,PowderMilk,B,0
8,18,PowderMilk,C,0
8,18,PowderMilk,D,0
8,18,Flavour,A,0
8,18,Flavour,B,0
8,18,Flavour,C,0
8,18,Flavour,D,0
8,19,Sugar,A,0
8,19,Sugar,B,0
8,19,Sugar,C,0
8,19,Sugar,D,20
8,19,PowderMilk,A,0
8,19,PowderMilk,B,0
8,19,PowderMilk,C,0
8,19,PowderMilk,D,0
8,19,Flavour,A,0
8,19,Flavour,B,0
8,19,Flavour,C,0
8,19,Flavour,D,0
8,20,Sugar,A,0
8,20,Sugar,B,0
8,20,Sugar,C,0
8,20,Sugar,D,0
8,20,PowderMilk,A,33
8,20,PowderMilk,B,0
8,20,PowderMilk,C,0
8,20,PowderMilk,D,0
8,20,Flavour,A,3
8,20,Flavour,B,0
8,20,Flavour,C,0
8,20,Flavour,D,0
8,21,Sugar,A,0
8,21,Sugar,B,0
8,21,Sugar,C,0
8,21,Sugar,D,0
8,21,PowderMilk,A,0
8,21,PowderMilk,B,0
8,21,PowderMilk,C,0
8,21,PowderMilk,D,0
8,21,Flavour,A,0
8,21,Flavour,B,0
8,21,Flavour,C,0
8,21,Flavour,D,0
8,22,Sugar,A,0
8,22,Sugar,B,0
8,22,Sugar,C,0
8,22,Sugar,D,0
8,22,PowderMilk,A,21
8,22,PowderMilk,B,0
8,22,PowderMilk,C,0
8,22,PowderMilk,D,0
8,22,Flavour,A,0
8,22,Flavour,B,0
8,22,Flavour,C,0
8,22,Flavour,D,0
8,23,Sugar,A,0
8,23,Sugar,B,0
8,23,Sugar,C,0
8,23,Sugar,D,0
8,23,PowderMilk,A,0
8,23,PowderMilk,B,0
8,23,PowderMilk,C,0
8,23,PowderMilk,D,0
8,23,Flavour,A,0
8,23,Flavour,B,0
8,23,Flavour,C,0
8,23,Flavour,D,0
8,24,Sugar,A,0
8,24,Sugar,B,0
8,24,Sugar,C,0
8,24,Sugar,D,0
8,24,PowderMilk,A,0
8,24,PowderMilk,B,0
8,24,PowderMilk,C,0
8,24,PowderMilk,D,0
8,24,Flavour,A,0
8,24,Flavour,B,0
8,24,Flavour,C,0
8,24,Flavour,D,0
8,25,Sugar,A,0
8,25,Sugar,B,0
8,25,Sugar,C,0
8,25,Sugar,D,0
8,25,PowderMilk,A,0
8,25,PowderMilk,B,0
8,25,PowderMilk,C,0
8,25,PowderMilk,D,0
8,25,Flavour,A,0
8,25,Flavour,B,0
8,25,Flavour,C,0
8,25,Flavour,D,0
8,26,Sugar,A,0
8,26,Sugar,B,0
8,26,Sugar,C,0
8,26,Sugar,D,0
8,26,PowderMilk,A,0
8,26,PowderMilk,B,0
8,26,PowderMilk,C,0
8,26,PowderMilk,D,0
8,26,Flavour,A,0
8,26,Flavour,B,0
8,26,Flavour,C,0
8,26,Flavour,D,0
8,27,Sugar,A,193
8,27,Sugar,B,0
8,27,Sugar,C,0
8,27,Sugar,D,0
8,27,PowderMilk,A,162
8,27,PowderMilk,B,0
8,27,PowderMilk,C,0
8,27,PowderMilk,D,0
8,27,Flavour,A,41
8,27,Flavour,B,0
8,27,Flavour,C,0
8,27,Flavour,D,0
8,28,Sugar,A,0
8,28,Sugar,B,0
8,28,Sugar,C,0
8,28,Sugar,D,0
8,28,PowderMilk,A,0
8,28,PowderMilk,B,0
8,28,PowderMilk,C,0
8,28,PowderMilk,D,0
8,28,Flavour,A,0
8,28,Flavour,B,0
8,28,Flavour,C,0
8,28,Flavour,D,0
8,29,Sugar,A,0
8,29,Sugar,B,0
8,29,Sugar,C,0
8,29,Sugar,D,0
8,29,PowderMilk,A,0
8,29,PowderMilk,B,0
8,29,PowderMilk,C,0
8,29,PowderMilk,D,0
8,29,Flavour,A,0
8,29,Flavour,B,0
8,29,Flavour,C,0
8,29,Flavour,D,0
8,30,Sugar,A,27
8,30,Sugar,B,0
8,30,Sugar,C,0
8,30,Sugar,D,0
8,30,PowderMilk,A,31
8,30,PowderMilk,B,0
8,30,PowderMilk,C,0
8,30,PowderMilk,D,0
8,30,Flavour,A,0
8,30,Flavour,B,0
8,30,Flavour,C,0
8,30,Flavour,D,0
9,1,Sugar,A,0
9,1,Sugar,B,0
9,1,Sugar,C,0
9,1,Sugar,D,0
9,1,PowderMilk,A,0
9,1,PowderMilk,B,0
9,1,PowderMilk,C,0
9,1,PowderMilk,D,0
9,1,Flavour,A,0
9,1,Flavour,B,0
9,1,Flavour,C,0
9,1,Flavour,D,0
9,2,Sugar,A,0
9,2,Sugar,B,0
9,2,Sugar,C,0
9,2,Sugar,D,0
9,2,PowderMilk,A,0
9,2,PowderMilk,B,0
9,2,PowderMilk,C,0
9,2,PowderMilk,D,0
9,2,Flavour,A,0
9,2,Flavour,B,0
9,2,Flavour,C,0
9,2,Flavour,D,0
9,3,Sugar,A,0
9,3,Sugar,B,0
9,3,Sugar,C,0
9,3,Sugar,D,0
9,3,PowderMilk,A,0
9,3,PowderMilk,B,0
9,3,PowderMilk,C,0
9,3,PowderMilk,D,0
9,3,Flavour,A,0
9,3,Flavour,B,0
9,3,Flavour,C,0
9,3,Flavour,D,0
9,4,Sugar,A,0
9,4,Sugar,B,0
9,4,Sugar,C,0
9,4,Sugar,D,0
9,4,PowderMilk,A,30
9,4,PowderMilk,B,0
9,4,PowderMilk,C,0
9,4,PowderMilk,D,0
9,4,Flavour,A,12
9,4,Flavour,B,0
9,4,Flavour,C,0
9,4,Flavour,D,0
9,5,Sugar,A,0
9,5,Sugar,B,0
9,5,Sugar,C,0
9,5,Sugar,D,0
9,5,PowderMilk,A,0
9,5,PowderMilk,B,0
9,5,PowderMilk,C,0
9,5,PowderMilk,D,0
9,5,Flavour,A,0
9,5,Flavour,B,0
9,5,Flavour,C,0
9,5,Flavour,D,0
9,6,Sugar,A,0
9,6,Sugar,B,0
9,6,Sugar,C,0
9,6,Sugar,D,0
9,6,PowderMilk,A,0
9,6,PowderMilk,B,0
9,6,PowderMilk,C,0
9,6,PowderMilk,D,0
9,6,Flavour,A,0
9,6,Flavour,B,0
9,6,Flavour,C,0
9,6,Flavour,D,0
9,7,Sugar,A,0
9,7,Sugar,B,0
9,7,Sugar,C,0
9,7,Sugar,D,0
9,7,PowderMilk,A,0
9,7,PowderMilk,B,0
9,7,PowderMilk,C,0
9,7,PowderMilk,D,0
9,7,Flavour,A,0
9,7,Flavour,B,0
9,7,Flavour,C,0
9,7,Flavour,D,0
9,8,Sugar,A,0
9,8,Sugar,B,0
9,8,Sugar,C,0
9,8,Sugar,D,0
9,8,PowderMilk,A,0
9,8,PowderMilk,B,0
9,8,PowderMilk,C,0
9,8,PowderMilk,D,0
9,8,Flavour,A,0
9,8,Flavour,B,0
9,8,Flavour,C,0
9,8,Flavour,D,0
9,9,Sugar,A,0
9,9,Sugar,B,0
9,9,Sugar,C,0
9,9,Sugar,D,0
9,9,PowderMilk,A,0
9,9,PowderMilk,B,0
9,9,PowderMilk,C,0
9,9,PowderMilk,D,0
9,9,Flavour,A,0
9,9,Flavour,B,0
9,9,Flavour,C,0
9,9,Flavour,D,0
9,10,Sugar,A,57
9,10,Sugar,B,0
9,10,Sugar,C,0
9,10,Sugar,D,0
9,10,PowderMilk,A,44
9,10,PowderMilk,B,0
9,10,PowderMilk,C,0
9,10,PowderMilk,D,0
9,10,Flavour,A,0
9,10,Flavour,B,0
9,10,Flavour,C,0
9,10,Flavour,D,0
9,11,Sugar,A,0
9,11,Sugar,B,0
9,11,Sugar,C,0
9,11,Sugar,D,0
9,11,PowderMilk,A,0
9,11,PowderMilk,B,0
9,11,PowderMilk,C,0
9,11,PowderMilk,D,0
9,11,Flavour,A,0
9,11,Flavour,B,0
9,11,Flavour,C,0
9,11,Flavour,D,0
9,12,Sugar,A,59
9,12,Sugar,B,0
9,12,Sugar,C,0
9,12,Sugar,D,0
9,12,PowderMilk,A,39
9,12,PowderMilk,B,0
9,12,PowderMilk,C,0
9,12,PowderMilk,D,0
9,12,Flavour,A,0
9,12,Flavour,B,0
9,12,Flavour,C,0
9,12,Flavour,D,0
9,13,Sugar,A,0
9,13,Sugar,B,0
9,13,Sugar,C,0
9,13,Sugar,D,0
9,13,PowderMilk,A,0
9,13,PowderMilk,B,0
9,13,PowderMilk,C,0
9,13,PowderMilk,D,0
9,13,Flavour,A,0
9,13,Flavour,B,0
9,13,Flavour,C,0
9,13,Flavour,D,0
9,14,Sugar,A,0
9,14,Sugar,B,0
9,14,Sugar,C,0
9,14,Sugar,D,0
9,14,PowderMilk,A,0
9,14,PowderMilk,B,0
9,14,PowderMilk,C,0
9,14,PowderMilk,D,0
9,14,Flavour,A,0
9,14,Flavour,B,0
9,14,Flavour,C,0
9,14,Flavour,D,0
9,15,Sugar,A,0
9,15,Sugar,B,0
9,15,Sugar,C,0
9,15,Sugar,D,0
9,15,PowderMilk,A,0
9,15,PowderMilk,B,0
9,15,PowderMilk,C,0
9,15,PowderMilk,D,0
9,15,Flavour,A,0
9,15,Flavour,B,0
9,15,Flavour,C,0
9,15,Flavour,D,0
9,16,Sugar,A,0
9,16,Sugar,B,0
9,16,Sugar,C,0
9,16,Sugar,D,0
9,16,PowderMilk,A,0
9,16,PowderMilk,B,0
9,16,PowderMilk,C,0
9,16,PowderMilk,D,0
9,16,Flavour,A,0
9,16,Flavour,B,0
9,16,Flavour,C,0
9,16,Flavour,D,0
9,17,Sugar,A,0
9,17,Sugar,B,0
9,17,Sugar,C,0
9,17,Sugar,D,0
9,17,PowderMilk,A,0
9,17,PowderMilk,B,0
9,17,PowderMilk,C,0
9,17,PowderMilk,D,0
9,17,Flavour,A,0
9,17,Flavour,B,0
9,17,Flavour,C,0
9,17,Flavour,D,0
9,18,Sugar,A,0
9,18,Sugar,B,0
9,18,Sugar,C,0
9,18,Sugar,D,0
9,18,PowderMilk,A,0
9,18,PowderMilk,B,0
9,18,PowderMilk,C,0
9,18,PowderMilk,D,0
9,18,Flavour,A,0
9,18,Flavour,B,0
9,18,Flavour,C,0
9,18,Flavour,D,0
9,19,Sugar,A,0
9,19,Sugar,B,0
9,19,Sugar,C,0
9,19,Sugar,D,0
9,19,PowderMilk,A,0
9,19,PowderMilk,B,0
9,19,PowderMilk,C,0
9,19,PowderMilk,D,0
9,19,Flavour,A,0
9,19,Flavour,B,0
9,19,Flavour,C,0
9,19,Flavour,D,0
9,20,Sugar,A,0
9,20,Sugar,B,0
9,20,Sugar,C,0
9,20,Sugar,D,0
9,20,PowderMilk,A,0
9,20,PowderMilk,B,0
9,20,PowderMilk,C,0
9,20,PowderMilk,D,0
9,20,Flavour,A,0
9,20,Flavour,B,0
9,20,Flavour,C,0
9,20,Flavour,D,0
9,21,Sugar,A,0
9,21,Sugar,B,0
9,21,Sugar,C,0
9,21,Sugar,D,0
9,21,PowderMilk,A,0
9,21,PowderMilk,B,0
9,21,PowderMilk,C,0
9,21,PowderMilk,D,0
9,21,Flavour,A,0
9,21,Flavour,B,0
9,21,Flavour,C,0
9,21,Flavour,D,0
9,22,Sugar,A,0
9,22,Sugar,B,0
9,22,Sugar,C,0
9,22,Sugar,D,0
9,22,PowderMilk,A,0
9,22,PowderMilk,B,0
9,22,PowderMilk,C,0
9,22,PowderMilk,D,0
9,22,Flavour,A,0
9,22,Flavour,B,0
9,22,Flavour,C,0
9,22,Flavour,D,0
9,23,Sugar,A,0
9,23,Sugar,B,0
9,23,Sugar,C,0
9,23,Sugar,D,0
9,23,PowderMilk,A,0
9,23,PowderMilk,B,0
9,23,PowderMilk,C,0
9,23,PowderMilk,D,0
9,23,Flavour,A,0
9,23,Flavour,B,0
9,23,Flavour,C,0
9,23,Flavour,D,0
9,24,Sugar,A,34
9,24,Sugar,B,0
9,24,Sugar,C,0
9,24,Sugar,D,0
9,24,PowderMilk,A,18
9,24,PowderMilk,B,0
9,24,PowderMilk,C,0
9,24,PowderMilk,D,0
9,24,Flavour,A,31
9,24,Flavour,B,0
9,24,Flavour,C,0
9,24,Flavour,D,0
9,25,Sugar,A,0
9,25,Sugar,B,0
9,25,Sugar,C,0
9,25,Sugar,D,0
9,25,PowderMilk,A,0
9,25,PowderMilk,B,0
9,25,PowderMilk,C,0
9,25,PowderMilk,D,0
9,25,Flavour,A,0
9,25,Flavour,B,0
9,25,Flavour,C,0
9,25,Flavour,D,0
9,26,Sugar,A,0
9,26,Sugar,B,0
9,26,Sugar,C,0
9,26,Sugar,D,0
9,26,PowderMilk,A,0
9,26,PowderMilk,B,0
9,26,PowderMilk,C,0
9,26,PowderMilk,D,0
9,26,Flavour,A,0
9,26,Flavour,B,0
9,26,Flavour,C,0
9,26,Flavour,D,0
9,27,Sugar,A,0
9,27,Sugar,B,0
9,27,Sugar,C,0
9,27,Sugar,D,0
9,27,PowderMilk,A,0
9,27,PowderMilk,B,0
9,27,PowderMilk,C,0
9,27,PowderMilk,D,0
9,27,Flavour,A,0
9,27,Flavour,B,0
9,27,Flavour,C,0
9,27,Flavour,D,0
9,28,Sugar,A,0
9,28,Sugar,B,0
9,28,Sugar,C,0
9,28,Sugar,D,0
9,28,PowderMilk,A,0
9,28,PowderMilk,B,0
9,28,PowderMilk,C,0
9,28,PowderMilk,D,0
9,28,Flavour,A,0
9,28,Flavour,B,0
9,28,Flavour,C,0
9,28,Flavour,D,0
9,29,Sugar,A,0
9,29,Sugar,B,0
9,29,Sugar,C,0
9,29,Sugar,D,0
9,29,PowderMilk,A,0
9,29,PowderMilk,B,0
9,29,PowderMilk,C,0
9,29,PowderMilk,D,0
9,29,Flavour,A,0
9,29,Flavour,B,0
9,29,Flavour,C,0
9,29,Flavour,D,0
9,30,Sugar,A,0
9,30,Sugar,B,0
9,30,Sugar,C,0
9,30,Sugar,D,0
9,30,PowderMilk,A,0
9,30,PowderMilk,B,0
9,30,PowderMilk,C,0
9,30,PowderMilk,D,0
9,30,Flavour,A,0
9,30,Flavour,B,0
9,30,Flavour,C,0
9,30,Flavour,D,0
10,1,Sugar,A,0
10,1,Sugar,B,0
10,1,Sugar,C,0
10,1,Sugar,D,0
10,1,PowderMilk,A,0
10,1,PowderMilk,B,0
10,1,PowderMilk,C,0
10,1,PowderMilk,D,0
10,1,Flavour,A,0
10,1,Flavour,B,0
10,1,Flavour,C,0
10,1,Flavour,D,0
10,2,Sugar,A,0
10,2,Sugar,B,0
10,2,Sugar,C,0
10,2,Sugar,D,0
10,2,PowderMilk,A,0
10,2,PowderMilk,B,0
10,2,PowderMilk,C,0
10,2,PowderMilk,D,0
10,2,Flavour,A,0
10,2,Flavour,B,0
10,2,Flavour,C,0
10,2,Flavour,D,0
10,3,Sugar,A,0
10,3,Sugar,B,0
10,3,Sugar,C,0
10,3,Sugar,D,0
10,3,PowderMilk,A,0
10,3,PowderMilk,B,0
10,3,PowderMilk,C,0
10,3,PowderMilk,D,0
10,3,Flavour,A,0
10,3,Flavour,B,0
10,3,Flavour,C,0
10,3,Flavour,D,0
10,4,Sugar,A,0
10,4,Sugar,B,0
10,4,Sugar,C,0
10,4,Sugar,D,0
10,4,PowderMilk,A,0
10,4,PowderMilk,B,0
10,4,PowderMilk,C,0
10,4,PowderMilk,D,0
10,4,Flavour,A,0
10,4,Flavour,B,0
10,4,Flavour,C,0
10,4,Flavour,D,0
10,5,Sugar,A,0
10,5,Sugar,B,0
10,5,Sugar,C,0
10,5,Sugar,D,0
10,5,PowderMilk,A,0
10,5,PowderMilk,B,0
10,5,PowderMilk,C,0
10,5,PowderMilk,D,0
10,5,Flavour,A,0
10,5,Flavour,B,0
10,5,Flavour,C,0
10,5,Flavour,D,0
10,6,Sugar,A,0
10,6,Sugar,B,0
10,6,Sugar,C,0
10,6,Sugar,D,0
10,6,PowderMilk,A,0
10,6,PowderMilk,B,0
10,6,PowderMilk,C,0
10,6,PowderMilk,D,0
10,6,Flavour,A,0
10,6,Flavour,B,0
10,6,Flavour,C,0
10,6,Flavour,D,0
10,7,Sugar,A,0
10,7,Sugar,B,0
10,7,Sugar,C,0
10,7,Sugar,D,0
10,7,PowderMilk,A,0
10,7,PowderMilk,B,0
10,7,PowderMilk,C,0
10,7,PowderMilk,D,0
10,7,Flavour,A,0
10,7,Flavour,B,0
10,7,Flavour,C,0
10,7,Flavour,D,0
10,8,Sugar,A,0
10,8,Sugar,B,0
10,8,Sugar,C,0
10,8,Sugar,D,0
10,8,PowderMilk,A,0
10,8,PowderMilk,B,0
10,8,PowderMilk,C,0
10,8,PowderMilk,D,0
10,8,Flavour,A,0
10,8,Flavour,B,0
10,8,Flavour,C,0
10,8,Flavour,D,0
10,9,Sugar,A,0
10,9,Sugar,B,0
10,9,Sugar,C,0
10,9,Sugar,D,0
10,9,PowderMilk,A,0
10,9,PowderMilk,B,0
10,9,PowderMilk,C,0
10,9,PowderMilk,D,0
10,9,Flavour,A,0
10,9,Flavour,B,0
10,9,Flavour,C,0
10,9,Flavour,D,0
10,10,Sugar,A,0
10,10,Sugar,B,0
10,10,Sugar,C,0
10,10,Sugar,D,0
10,10,PowderMilk,A,0
10,10,PowderMilk,B,0
10,10,PowderMilk,C,0
10,10,PowderMilk,D,0
10,10,Flavour,A,0
10,10,Flavour,B,0
10,10,Flavour,C,0
10,10,Flavour,D,0
10,11,Sugar,A,0
10,11,Sugar,B,0
10,11,Sugar,C,0
10,11,Sugar,D,0
10,11,PowderMilk,A,0
10,11,PowderMilk,B,0
10,11,PowderMilk,C,0
10,11,PowderMilk,D,0
10,11,Flavour,A,0
10,11,Flavour,B,0
10,11,Flavour,C,0
10,11,Flavour,D,0
10,12,Sugar,A,0
10,12,Sugar,B,0
10,12,Sugar,C,0
10,12,Sugar,D,0
10,12,PowderMilk,A,0
10,12,PowderMilk,B,0
10,12,PowderMilk,C,0
10,12,PowderMilk,D,0
10,12,Flavour,A,0
10,12,Flavour,B,0
10,12,Flavour,C,0
10,12,Flavour,D,0
10,13,Sugar,A,0
10,13,Sugar,B,0
10,13,Sugar,C,0
10,13,Sugar,D,0
10,13,PowderMilk,A,21
10,13,PowderMilk,B,0
10,13,PowderMilk,C,0
10,13,PowderMilk,D,0
10,13,Flavour,A,40
10,13,Flavour,B,0
10,13,Flavour,C,0
10,13,Flavour,D,0
10,14,Sugar,A,0
10,14,Sugar,B,0
10,14,Sugar,C,0
10,14,Sugar,D,0
10,14,PowderMilk,A,0
10,14,PowderMilk,B,0
10,14,PowderMilk,C,0
10,14,PowderMilk,D,0
10,14,Flavour,A,0
10,14,Flavour,B,0
10,14,Flavour,C,0
10,14,Flavour,D,0
10,15,Sugar,A,0
10,15,Sugar,B,0
10,15,Sugar,C,0
10,15,Sugar,D,0
10,15,PowderMilk,A,0
10,15,PowderMilk,B,0
10,15,PowderMilk,C,0
10,15,PowderMilk,D,0
10,15,Flavour,A,0
10,15,Flavour,B,0
10,15,Flavour,C,0
10,15,Flavour,D,0
10,16,Sugar,A,0
10,16,Sugar,B,0
10,16,Sugar,C,0
10,16,Sugar,D,0
10,16,PowderMilk,A,0
10,16,PowderMilk,B,0
10,16,PowderMilk,C,0
10,16,PowderMilk,D,0
10,16,Flavour,A,0
10,16,Flavour,B,0
10,16,Flavour,C,0
10,16,Flavour,D,0
10,17,Sugar,A,0
10,17,Sugar,B,0
10,17,Sugar,C,0
10,17,Sugar,D,0
10,17,PowderMilk,A,0
10,17,PowderMilk,B,0
10,17,PowderMilk,C,0
10,17,PowderMilk,D,0
10,17,Flavour,A,0
10,17,Flavour,B,0
10,17,Flavour,C,0
10,17,Flavour,D,0
10,18,Sugar,A,0
10,18,Sugar,B,0
10,18,Sugar,C,0
10,18,Sugar,D,0
10,18,PowderMilk,A,0
10,18,PowderMilk,B,0
10,18,PowderMilk,C,0
10,18,PowderMilk,D,0
10,18,Flavour,A,0
10,18,Flavour,B,0
10,18,Flavour,C,0
10,18,Flavour,D,0
10,19,Sugar,A,31
10,19,Sugar,B,0
10,19,Sugar,C,0
10,19,Sugar,D,0
10,19,PowderMilk,A,123
10,19,PowderMilk,B,0
10,19,PowderMilk,C,0
10,19,PowderMilk,D,0
10,19,Flavour,A,35
10,19,Flavour,B,0
10,19,Flavour,C,0
10,19,Flavour,D,0
10,20,Sugar,A,0
10,20,Sugar,B,0
10,20,Sugar,C,0
10,20,Sugar,D,0
10,20,PowderMilk,A,0
10,20,PowderMilk,B,0
10,20,PowderMilk,C,0
10,20,PowderMilk,D,0
10,20,Flavour,A,0
10,20,Flavour,B,0
10,20,Flavour,C,0
10,20,Flavour,D,0
10,21,Sugar,A,0
10,21,Sugar,B,0
10,21,Sugar,C,0
10,21,Sugar,D,0
10,21,PowderMilk,A,0
10,21,PowderMilk,B,0
10,21,PowderMilk,C,0
10,21,PowderMilk,D,0
10,21,Flavour,A,0
10,21,Flavour,B,0
10,21,Flavour,C,0
10,21,Flavour,D,0
10,22,Sugar,A,0
10,22,Sugar,B,0
10,22,Sugar,C,0
10,22,Sugar,D,0
10,22,PowderMilk,A,0
10,22,PowderMilk,B,0
10,22,PowderMilk,C,0
10,22,PowderMilk,D,0
10,22,Flavour,A,0
10,22,Flavour,B,0
10,22,Flavour,C,0
10,22,Flavour,D,0
10,23,Sugar,A,0
10,23,Sugar,B,0
10,23,Sugar,C,0
10,23,Sugar,D,0
10,23,PowderMilk,A,0
10,23,PowderMilk,B,0
10,23,PowderMilk,C,0
10,23,PowderMilk,D,0
10,23,Flavour,A,0
10,23,Flavour,B,0
10,23,Flavour,C,0
10,23,Flavour,D,0
10,24,Sugar,A,0
10,24,Sugar,B,0
10,24,Sugar,C,0
10,24,Sugar,D,0
10,24,PowderMilk,A,0
10,24,PowderMilk,B,0
10,24,PowderMilk,C,0
10,24,PowderMilk,D,0
10,24,Flavour,A,0
10,24,Flavour,B,0
10,24,Flavour,C,0
10,24,Flavour,D,0
10,25,Sugar,A,0
10,25,Sugar,B,0
10,25,Sugar,C,0
10,25,Sugar,D,0
10,25,PowderMilk,A,0
10,25,PowderMilk,B,0
10,25,PowderMilk,C,0
10,25,PowderMilk,D,0
10,25,Flavour,A,0
10,25,Flavour,B,0
10,25,Flavour,C,0
10,25,Flavour,D,0
10,26,Sugar,A,0
10,26,Sugar,B,0
10,26,Sugar,C,0
10,26,Sugar,D,0
10,26,PowderMilk,A,0
10,26,PowderMilk,B,0
10,26,PowderMilk,C,0
10,26,PowderMilk,D,0
10,26,Flavour,A,0
10,26,Flavour,B,0
10,26,Flavour,C,0
10,26,Flavour,D,0
10,27,Sugar,A,0
10,27,Sugar,B,0
10,27,Sugar,C,0
10,27,Sugar,D,0
10,27,PowderMilk,A,0
10,27,PowderMilk,B,0
10,27,PowderMilk,C,0
10,27,PowderMilk,D,0
10,27,Flavour,A,0
10,27,Flavour,B,0
10,27,Flavour,C,0
10,27,Flavour,D,0
10,28,Sugar,A,0
10,28,Sugar,B,0
10,28,Sugar,C,0
10,28,Sugar,D,0
10,28,PowderMilk,A,0
10,28,PowderMilk,B,0
10,28,PowderMilk,C,0
10,28,PowderMilk,D,0
10,28,Flavour,A,0
10,28,Flavour,B,0
10,28,Flavour,C,0
10,28,Flavour,D,0
10,29,Sugar,A,0
10,29,Sugar,B,0
10,29,Sugar,C,0
10,29,Sugar,D,0
10,29,PowderMilk,A,0
10,29,PowderMilk,B,0
10,29,PowderMilk,C,0
10,29,PowderMilk,D,0
10,29,Flavour,A,0
10,29,Flavour,B,0
10,29,Flavour,C,0
10,29,Flavour,D,0
10,30,Sugar,A,15
10,30,Sugar,B,0
10,30,Sugar,C,0
10,30,Sugar,D,0
10,30,PowderMilk,A,0
10,30,PowderMilk,B,0
10,30,PowderMilk,C,0
10,30,PowderMilk,D,0
10,30,Flavour,A,5
10,30,Flavour,B,0
10,30,Flavour,C,0
10,30,Flavour,D,0
11,1,Sugar,A,0
11,1,Sugar,B,0
11,1,Sugar,C,0
11,1,Sugar,D,0
11,1,PowderMilk,A,0
11,1,PowderMilk,B,0
11,1,PowderMilk,C,0
11,1,PowderMilk,D,0
11,1,Flavour,A,0
11,1,Flavour,B,0
11,1,Flavour,C,0
11,1,Flavour,D,0
11,2,Sugar,A,0
11,2,Sugar,B,0
11,2,Sugar,C,0
11,2,Sugar,D,0
11,2,PowderMilk,A,0
11,2,PowderMilk,B,0
11,2,PowderMilk,C,0
11,2,PowderMilk,D,0
11,2,Flavour,A,0
11,2,Flavour,B,0
11,2,Flavour,C,0
11,2,Flavour,D,0
11,3,Sugar,A,0
11,3,Sugar,B,0
11,3,Sugar,C,0
11,3,Sugar,D,0
11,3,PowderMilk,A,0
11,3,PowderMilk,B,0
11,3,PowderMilk,C,0
11,3,PowderMilk,D,0
11,3,Flavour,A,0
11,3,Flavour,B,0
11,3,Flavour,C,0
11,3,Flavour,D,0
11,4,Sugar,A,0
11,4,Sugar,B,0
11,4,Sugar,C,0
11,4,Sugar,D,0
11,4,PowderMilk,A,0
11,4,PowderMilk,B,0
11,4,PowderMilk,C,0
11,4,PowderMilk,D,0
11,4,Flavour,A,0
11,4,Flavour,B,0
11,4,Flavour,C,0
11,4,Flavour,D,0
11,5,Sugar,A,0
11,5,Sugar,B,0
11,5,Sugar,C,0
11,5,Sugar,D,0
11,5,PowderMilk,A,0
11,5,PowderMilk,B,0
11,5,PowderMilk,C,0
11,5,PowderMilk,D,0
11,5,Flavour,A,0
11,5,Flavour,B,0
11,5,Flavour,C,0
11,5,Flavour,D,0
11,6,Sugar,A,0
11,6,Sugar,B,0
11,6,Sugar,C,0
11,6,Sugar,D,0
11,6,PowderMilk,A,0
11,6,PowderMilk,B,0
11,6,PowderMilk,C,0
11,6,PowderMilk,D,0
11,6,Flavour,A,0
11,6,Flavour,B,0
11,6,Flavour,C,0
11,6,Flavour,D,0
11,7,Sugar,A,0
11,7,Sugar,B,0
11,7,Sugar,C,0
11,7,Sugar,D,0
11,7,PowderMilk,A,0
11,7,PowderMilk,B,0
11,7,PowderMilk,C,0
11,7,PowderMilk,D,0
11,7,Flavour,A,0
11,7,Flavour,B,0
11,7,Flavour,C,0
11,7,Flavour,D,0
11,8,Sugar,A,0
11,8,Sugar,B,0
11,8,Sugar,C,0
11,8,Sugar,D,0
11,8,PowderMilk,A,0
11,8,PowderMilk,B,0
11,8,PowderMilk,C,0
11,8,PowderMilk,D,0
11,8,Flavour,A,0
11,8,Flavour,B,0
11,8,Flavour,C,0
11,8,Flavour,D,0
11,9,Sugar,A,0
11,9,Sugar,B,0
11,9,Sugar,C,0
11,9,Sugar,D,0
11,9,PowderMilk,A,0
11,9,PowderMilk,B,0
11,9,PowderMilk,C,0
11,9,PowderMilk,D,0
11,9,Flavour,A,0
11,9,Flavour,B,0
11,9,Flavour,C,0
11,9,Flavour,D,0
11,10,Sugar,A,0
11,10,Sugar,B,0
11,10,Sugar,C,0
11,10,Sugar,D,0
11,10,PowderMilk,A,0
11,10,PowderMilk,B,0
11,10,PowderMilk,C,0
11,10,PowderMilk,D,0
11,10,Flavour,A,0
11,10,Flavour,B,0
11,10,Flavour,C,0
11,10,Flavour,D,0
11,11,Sugar,A,0
11,11,Sugar,B,0
11,11,Sugar,C,0
11,11,Sugar,D,0
11,11,PowderMilk,A,0
11,11,PowderMilk,B,0
11,11,PowderMilk,C,0
11,11,PowderMilk,D,0
11,11,Flavour,A,0
11,11,Flavour,B,0
11,11,Flavour,C,0
11,11,Flavour,D,0
11,12,Sugar,A,0
11,12,Sugar,B,0
11,12,Sugar,C,0
11,12,Sugar,D,0
11,12,PowderMilk,A,0
11,12,PowderMilk,B,0
11,12,PowderMilk,C,0
11,12,PowderMilk,D,0
11,12,Flavour,A,0
11,12,Flavour,B,0
11,12,Flavour,C,0
11,12,Flavour,D,0
11,13,Sugar,A,0
11,13,Sugar,B,0
11,13,Sugar,C,0
11,13,Sugar,D,0
11,13,PowderMilk,A,0
11,13,PowderMilk,B,0
11,13,PowderMilk,C,0
11,13,PowderMilk,D,0
11,13,Flavour,A,0
11,13,Flavour,B,0
11,13,Flavour,C,0
11,13,Flavour,D,0
11,14,Sugar,A,0
11,14,Sugar,B,0
11,14,Sugar,C,0
11,14,Sugar,D,0
11,14,PowderMilk,A,0
11,14,PowderMilk,B,0
11,14,PowderMilk,C,0
11,14,PowderMilk,D,0
11,14,Flavour,A,0
11,14,Flavour,B,0
11,14,Flavour,C,0
11,14,Flavour,D,0
11,15,Sugar,A,0
11,15,Sugar,B,0
11,15,Sugar,C,0
11,15,Sugar,D,0
11,15,PowderMilk,A,0
11,15,PowderMilk,B,0
11,15,PowderMilk,C,0
11,15,PowderMilk,D,0
11,15,Flavour,A,0
11,15,Flavour,B,0
11,15,Flavour,C,0
11,15,Flavour,D,0
11,16,Sugar,A,0
11,16,Sugar,B,0
11,16,Sugar,C,0
11,16,Sugar,D,0
11,16,PowderMilk,A,0
11,16,PowderMilk,B,0
11,16,PowderMilk,C,0
11,16,PowderMilk,D,0
11,16,Flavour,A,0
11,16,Flavour,B,0
11,16,Flavour,C,0
11,16,Flavour,D,0
11,17,Sugar,A,0
11,17,Sugar,B,0
11,17,Sugar,C,0
11,17,Sugar,D,0
11,17,PowderMilk,A,0
11,17,PowderMilk,B,0
11,17,PowderMilk,C,0
11,17,PowderMilk,D,0
11,17,Flavour,A,0
11,17,Flavour,B,0
11,17,Flavour,C,0
11,17,Flavour,D,0
11,18,Sugar,A,0
11,18,Sugar,B,0
11,18,Sugar,C,0
11,18,Sugar,D,0
11,18,PowderMilk,A,0
11,18,PowderMilk,B,0
11,18,PowderMilk,C,0
11,18,PowderMilk,D,0
11,18,Flavour,A,0
11,18,Flavour,B,0
11,18,Flavour,C,0
11,18,Flavour,D,0
11,19,Sugar,A,0
11,19,Sugar,B,0
11,19,Sugar,C,0
11,19,Sugar,D,0
11,19,PowderMilk,A,0
11,19,PowderMilk,B,0
11,19,PowderMilk,C,0
11,19,PowderMilk,D,0
11,19,Flavour,A,0
11,19,Flavour,B,0
11,19,Flavour,C,0
11,19,Flavour,D,0
11,20,Sugar,A,0
11,20,Sugar,B,0
11,20,Sugar,C,0
11,20,Sugar,D,0
11,20,PowderMilk,A,0
11,20,PowderMilk,B,0
11,20,PowderMilk,C,0
11,20,PowderMilk,D,0
11,20,Flavour,A,0
11,20,Flavour,B,0
11,20,Flavour,C,0
11,20,Flavour,D,0
11,21,Sugar,A,0
11,21,Sugar,B,0
11,21,Sugar,C,0
11,21,Sugar,D,0
11,21,PowderMilk,A,0
11,21,PowderMilk,B,0
11,21,PowderMilk,C,0
11,21,PowderMilk,D,0
11,21,Flavour,A,0
11,21,Flavour,B,0
11,21,Flavour,C,0
11,21,Flavour,D,0
11,22,Sugar,A,0
11,22,Sugar,B,0
11,22,Sugar,C,0
11,22,Sugar,D,0
11,22,PowderMilk,A,0
11,22,PowderMilk,B,0
11,22,PowderMilk,C,0
11,22,PowderMilk,D,0
11,22,Flavour,A,0
11,22,Flavour,B,0
11,22,Flavour,C,0
11,22,Flavour,D,0
11,23,Sugar,A,0
11,23,Sugar,B,0
11,23,Sugar,C,0
11,23,Sugar,D,0
11,23,PowderMilk,A,0
11,23,PowderMilk,B,0
11,23,PowderMilk,C,0
11,23,PowderMilk,D,0
11,23,Flavour,A,0
11,23,Flavour,B,0
11,23,Flavour,C,0
11,23,Flavour,D,0
11,24,Sugar,A,0
11,24,Sugar,B,0
11,24,Sugar,C,0
11,24,Sugar,D,0
11,24,PowderMilk,A,0
11,24,PowderMilk,B,0
11,24,PowderMilk,C,0
11,24,PowderMilk,D,0
11,24,Flavour,A,0
11,24,Flavour,B,0
11,24,Flavour,C,0
11,24,Flavour,D,0
11,25,Sugar,A,0
11,25,Sugar,B,0
11,25,Sugar,C,0
11,25,Sugar,D,0
11,25,PowderMilk,A,0
11,25,PowderMilk,B,0
11,25,PowderMilk,C,0
11,25,PowderMilk,D,0
11,25,Flavour,A,0
11,25,Flavour,B,0
11,25,Flavour,C,0
11,25,Flavour,D,0
11,26,Sugar,A,0
11,26,Sugar,B,0
11,26,Sugar,C,0
11,26,Sugar,D,0
11,26,PowderMilk,A,0
11,26,PowderMilk,B,0
11,26,PowderMilk,C,0
11,26,PowderMilk,D,0
11,26,Flavour,A,0
11,26,Flavour,B,0
11,26,Flavour,C,0
11,26,Flavour,D,0
11,27,Sugar,A,0
11,27,Sugar,B,0
11,27,Sugar,C,0
11,27,Sugar,D,0
11,27,PowderMilk,A,0
11,27,PowderMilk,B,0
11,27,PowderMilk,C,0
11,27,PowderMilk,D,0
11,27,Flavour,A,0
11,27,Flavour,B,0
11,27,Flavour,C,0
11,27,Flavour,D,0
11,28,Sugar,A,0
11,28,Sugar,B,0
11,28,Sugar,C,0
11,28,Sugar,D,0
11,28,PowderMilk,A,0
11,28,PowderMilk,B,0
11,28,PowderMilk,C,0
11,28,PowderMilk,D,0
11,28,Flavour,A,0
11,28,Flavour,B,0
11,28,Flavour,C,0
11,28,Flavour,D,0
11,29,Sugar,A,0
11,29,Sugar,B,0
11,29,Sugar,C,0
11,29,Sugar,D,0
11,29,PowderMilk,A,0
11,29,PowderMilk,B,0
11,29,PowderMilk,C,0
11,29,PowderMilk,D,0
11,29,Flavour,A,0
11,29,Flavour,B,0
11,29,Flavour,C,0
11,29,Flavour,D,0
11,30,Sugar,A,0
11,30,Sugar,B,0
11,30,Sugar,C,0
11,30,Sugar,D,0
11,30,PowderMilk,A,0
11,30,PowderMilk,B,0
11,30,PowderMilk,C,0
11,30,PowderMilk,D,0
11,30,Flavour,A,0
11,30,Flavour,B,0
11,30,Flavour,C,0
11,30,Flavour,D,0
12,1,Sugar,A,0
12,1,Sugar,B,0
12,1,Sugar,C,0
12,1,Sugar,D,0
12,1,PowderMilk,A,0
12,1,PowderMilk,B,0
12,1,PowderMilk,C,0
12,1,PowderMilk,D,0
12,1,Flavour,A,0
12,1,Flavour,B,0
12,1,Flavour,C,0
12,1,Flavour,D,0
12,2,Sugar,A,0
12,2,Sugar,B,0
12,2,Sugar,C,0
12,2,Sugar,D,0
12,2,PowderMilk,A,0
12,2,PowderMilk,B,0
12,2,PowderMilk,C,49
12,2,PowderMilk,D,0
12,2,Flavour,A,0
12,2,Flavour,B,0
12,2,Flavour,C,13
12,2,Flavour,D,0
12,3,Sugar,A,212
12,3,Sugar,B,0
12,3,Sugar,C,0
12,3,Sugar,D,0
12,3,PowderMilk,A,24
12,3,PowderMilk,B,0
12,3,PowderMilk,C,0
12,3,PowderMilk,D,0
12,3,Flavour,A,43
12,3,Flavour,B,0
12,3,Flavour,C,0
12,3,Flavour,D,0
12,4,Sugar,A,0
12,4,Sugar,B,0
12,4,Sugar,C,0
12,4,Sugar,D,0
12,4,PowderMilk,A,0
12,4,PowderMilk,B,0
12,4,PowderMilk,C,0
12,4,PowderMilk,D,0
12,4,Flavour,A,0
12,4,Flavour,B,0
12,4,Flavour,C,0
12,4,Flavour,D,0
12,5,Sugar,A,0
12,5,Sugar,B,0
12,5,Sugar,C,0
12,5,Sugar,D,0
12,5,PowderMilk,A,0
12,5,PowderMilk,B,0
12,5,PowderMilk,C,0
12,5,PowderMilk,D,0
12,5,Flavour,A,0
12,5,Flavour,B,0
12,5,Flavour,C,0
12,5,Flavour,D,0
12,6,Sugar,A,0
12,6,Sugar,B,0
12,6,Sugar,C,0
12,6,Sugar,D,0
12,6,PowderMilk,A,0
12,6,PowderMilk,B,0
12,6,PowderMilk,C,0
12,6,PowderMilk,D,0
12,6,Flavour,A,0
12,6,Flavour,B,0
12,6,Flavour,C,0
12,6,Flavour,D,0
12,7,Sugar,A,0
12,7,Sugar,B,0
12,7,Sugar,C,0
12,7,Sugar,D,0
12,7,PowderMilk,A,128
12,7,PowderMilk,B,0
12,7,PowderMilk,C,0
12,7,PowderMilk,D,0
12,7,Flavour,A,43
12,7,Flavour,B,0
12,7,Flavour,C,0
12,7,Flavour,D,0
12,8,Sugar,A,200
12,8,Sugar,B,0
12,8,Sugar,C,0
12,8,Sugar,D,0
12,8,PowderMilk,A,120
12,8,PowderMilk,B,0
12,8,PowderMilk,C,0
12,8,PowderMilk,D,0
12,8,Flavour,A,51
12,8,Flavour,B,0
12,8,Flavour,C,0
12,8,Flavour,D,0
12,9,Sugar,A,113
12,9,Sugar,B,0
12,9,Sugar,C,0
12,9,Sugar,D,0
12,9,PowderMilk,A,0
12,9,PowderMilk,B,0
12,9,PowderMilk,C,0
12,9,PowderMilk,D,0
12,9,Flavour,A,23
12,9,Flavour,B,0
12,9,Flavour,C,0
12,9,Flavour,D,0
12,10,Sugar,A,0
12,10,Sugar,B,0
12,10,Sugar,C,0
12,10,Sugar,D,0
12,10,PowderMilk,A,0
12,10,PowderMilk,B,0
12,10,PowderMilk,C,0
12,10,PowderMilk,D,0
12,10,Flavour,A,0
12,10,Flavour,B,0
12,10,Flavour,C,0
12,10,Flavour,D,0
12,11,Sugar,A,0
12,11,Sugar,B,0
12,11,Sugar,C,0
12,11,Sugar,D,0
12,11,PowderMilk,A,0
12,11,PowderMilk,B,0
12,11,PowderMilk,C,0
12,11,PowderMilk,D,0
12,11,Flavour,A,0
12,11,Flavour,B,0
12,11,Flavour,C,0
12,11,Flavour,D,0
12,12,Sugar,A,0
12,12,Sugar,B,0
12,12,Sugar,C,0
12,12,Sugar,D,0
12,12,PowderMilk,A,0
12,12,PowderMilk,B,0
12,12,PowderMilk,C,0
12,12,PowderMilk,D,0
12,12,Flavour,A,0
12,12,Flavour,B,0
12,12,Flavour,C,0
12,12,Flavour,D,0
12,13,Sugar,A,0
12,13,Sugar,B,0
12,13,Sugar,C,0
12,13,Sugar,D,0
12,13,PowderMilk,A,0
12,13,PowderMilk,B,0
12,13,PowderMilk,C,0
12,13,PowderMilk,D,0
12,13,Flavour,A,0
12,13,Flavour,B,0
12,13,Flavour,C,0
12,13,Flavour,D,0
12,14,Sugar,A,180
12,14,Sugar,B,0
12,14,Sugar,C,0
12,14,Sugar,D,0
12,14,PowderMilk,A,113
12,14,PowderMilk,B,0
12,14,PowderMilk,C,0
12,14,PowderMilk,D,0
12,14,Flavour,A,51
12,14,Flavour,B,0
12,14,Flavour,C,0
12,14,Flavour,D,0
12,15,Sugar,A,179
12,15,Sugar,B,0
12,15,Sugar,C,0
12,15,Sugar,D,0
12,15,PowderMilk,A,127
12,15,PowderMilk,B,0
12,15,PowderMilk,C,0
12,15,PowderMilk,D,0
12,15,Flavour,A,49
12,15,Flavour,B,0
12,15,Flavour,C,0
12,15,Flavour,D,0
12,16,Sugar,A,212
12,16,Sugar,B,0
12,16,Sugar,C,0
12,16,Sugar,D,0
12,16,PowderMilk,A,125
12,16,PowderMilk,B,0
12,16,PowderMilk,C,0
12,16,PowderMilk,D,0
12,16,Flavour,A,28
12,16,Flavour,B,0
12,16,Flavour,C,0
12,16,Flavour,D,0
12,17,Sugar,A,0
12,17,Sugar,B,0
12,17,Sugar,C,0
12,17,Sugar,D,0
12,17,PowderMilk,A,0
12,17,PowderMilk,B,0
12,17,PowderMilk,C,0
12,17,PowderMilk,D,0
12,17,Flavour,A,0
12,17,Flavour,B,0
12,17,Flavour,C,0
12,17,Flavour,D,0
12,18,Sugar,A,0
12,18,Sugar,B,0
12,18,Sugar,C,0
12,18,Sugar,D,0
12,18,PowderMilk,A,0
12,18,PowderMilk,B,0
12,18,PowderMilk,C,0
12,18,PowderMilk,D,0
12,18,Flavour,A,0
12,18,Flavour,B,0
12,18,Flavour,C,0
12,18,Flavour,D,0
12,19,Sugar,A,0
12,19,Sugar,B,0
12,19,Sugar,C,0
12,19,Sugar,D,0
12,19,PowderMilk,A,0
12,19,PowderMilk,B,0
12,19,PowderMilk,C,0
12,19,PowderMilk,D,0
12,19,Flavour,A,0
12,19,Flavour,B,0
12,19,Flavour,C,0
12,19,Flavour,D,0
12,20,Sugar,A,0
12,20,Sugar,B,0
12,20,Sugar,C,0
12,20,Sugar,D,0
12,20,PowderMilk,A,130
12,20,PowderMilk,B,0
12,20,PowderMilk,C,0
12,20,PowderMilk,D,0
12,20,Flavour,A,45
12,20,Flavour,B,0
12,20,Flavour,C,0
12,20,Flavour,D,0
12,21,Sugar,A,187
12,21,Sugar,B,0
12,21,Sugar,C,0
12,21,Sugar,D,0
12,21,PowderMilk,A,127
12,21,PowderMilk,B,0
12,21,PowderMilk,C,0
12,21,PowderMilk,D,0
12,21,Flavour,A,41
12,21,Flavour,B,0
12,21,Flavour,C,0
12,21,Flavour,D,0
12,22,Sugar,A,0
12,22,Sugar,B,0
12,22,Sugar,C,0
12,22,Sugar,D,0
12,22,PowderMilk,A,0
12,22,PowderMilk,B,0
12,22,PowderMilk,C,0
12,22,PowderMilk,D,0
12,22,Flavour,A,0
12,22,Flavour,B,0
12,22,Flavour,C,0
12,22,Flavour,D,0
12,23,Sugar,A,0
12,23,Sugar,B,0
12,23,Sugar,C,0
12,23,Sugar,D,0
12,23,PowderMilk,A,0
12,23,PowderMilk,B,0
12,23,PowderMilk,C,0
12,23,PowderMilk,D,0
12,23,Flavour,A,0
12,23,Flavour,B,0
12,23,Flavour,C,0
12,23,Flavour,D,0
12,24,Sugar,A,0
12,24,Sugar,B,0
12,24,Sugar,C,0
12,24,Sugar,D,0
12,24,PowderMilk,A,0
12,24,PowderMilk,B,0
12,24,PowderMilk,C,0
12,24,PowderMilk,D,0
12,24,Flavour,A,0
12,24,Flavour,B,0
12,24,Flavour,C,0
12,24,Flavour,D,0
12,25,Sugar,A,0
12,25,Sugar,B,0
12,25,Sugar,C,0
12,25,Sugar,D,0
12,25,PowderMilk,A,0
12,25,PowderMilk,B,0
12,25,PowderMilk,C,0
12,25,PowderMilk,D,0
12,25,Flavour,A,0
12,25,Flavour,B,0
12,25,Flavour,C,0
12,25,Flavour,D,0
12,26,Sugar,A,0
12,26,Sugar,B,0
12,26,Sugar,C,0
12,26,Sugar,D,0
12,26,PowderMilk,A,0
12,26,PowderMilk,B,0
12,26,PowderMilk,C,0
12,26,PowderMilk,D,0
12,26,Flavour,A,0
12,26,Flavour,B,0
12,26,Flavour,C,0
12,26,Flavour,D,0
12,27,Sugar,A,0
12,27,Sugar,B,0
12,27,Sugar,C,0
12,27,Sugar,D,0
12,27,PowderMilk,A,0
12,27,PowderMilk,B,0
12,27,PowderMilk,C,0
12,27,PowderMilk,D,0
12,27,Flavour,A,0
12,27,Flavour,B,0
12,27,Flavour,C,0
12,27,Flavour,D,0
12,28,Sugar,A,0
12,28,Sugar,B,0
12,28,Sugar,C,0
12,28,Sugar,D,0
12,28,PowderMilk,A,0
12,28,PowderMilk,B,0
12,28,PowderMilk,C,0
12,28,PowderMilk,D,0
12,28,Flavour,A,0
12,28,Flavour,B,0
12,28,Flavour,C,0
12,28,Flavour,D,0
12,29,Sugar,A,181
12,29,Sugar,B,0
12,29,Sugar,C,0
12,29,Sugar,D,0
12,29,PowderMilk,A,125
12,29,PowderMilk,B,0
12,29,PowderMilk,C,0
12,29,PowderMilk,D,0
12,29,Flavour,A,29
12,29,Flavour,B,0
12,29,Flavour,C,0
12,29,Flavour,D,0
12,30,Sugar,A,204
12,30,Sugar,B,0
12,30,Sugar,C,0
12,30,Sugar,D,0
12,30,PowderMilk,A,114
12,30,PowderMilk,B,0
12,30,PowderMilk,C,0
12,30,PowderMilk,D,0
12,30,Flavour,A,50
12,30,Flavour,B,0
12,30,Flavour,C,0
12,30,Flavour,D,0
13,1,Sugar,A,0
13,1,Sugar,B,0
13,1,Sugar,C,0
13,1,Sugar,D,0
13,1,PowderMilk,A,0
13,1,PowderMilk,B,0
13,1,PowderMilk,C,0
13,1,PowderMilk,D,0
13,1,Flavour,A,0
13,1,Flavour,B,0
13,1,Flavour,C,0
13,1,Flavour,D,0
13,2,Sugar,A,0
13,2,Sugar,B,0
13,2,Sugar,C,0
13,2,Sugar,D,209
13,2,PowderMilk,A,0
13,2,PowderMilk,B,0
13,2,PowderMilk,C,0
13,2,PowderMilk,D,0
13,2,Flavour,A,0
13,2,Flavour,B,0
13,2,Flavour,C,0
13,2,Flavour,D,0
13,3,Sugar,A,0
13,3,Sugar,B,0
13,3,Sugar,C,0
13,3,Sugar,D,0
13,3,PowderMilk,A,0
13,3,PowderMilk,B,0
13,3,PowderMilk,C,0
13,3,PowderMilk,D,0
13,3,Flavour,A,0
13,3,Flavour,B,0
13,3,Flavour,C,0
13,3,Flavour,D,0
13,4,Sugar,A,194
13,4,Sugar,B,0
13,4,Sugar,C,0
13,4,Sugar,D,0
13,4,PowderMilk,A,103
13,4,PowderMilk,B,0
13,4,PowderMilk,C,0
13,4,PowderMilk,D,0
13,4,Flavour,A,47
13,4,Flavour,B,0
13,4,Flavour,C,0
13,4,Flavour,D,0
13,5,Sugar,A,0
13,5,Sugar,B,0
13,5,Sugar,C,0
13,5,Sugar,D,0
13,5,PowderMilk,A,0
13,5,PowderMilk,B,0
13,5,PowderMilk,C,0
13,5,PowderMilk,D,0
13,5,Flavour,A,0
13,5,Flavour,B,0
13,5,Flavour,C,0
13,5,Flavour,D,0
13,6,Sugar,A,0
13,6,Sugar,B,0
13,6,Sugar,C,0
13,6,Sugar,D,0
13,6,PowderMilk,A,0
13,6,PowderMilk,B,0
13,6,PowderMilk,C,0
13,6,PowderMilk,D,0
13,6,Flavour,A,0
13,6,Flavour,B,0
13,6,Flavour,C,0
13,6,Flavour,D,0
13,7,Sugar,A,0
13,7,Sugar,B,0
13,7,Sugar,C,0
13,7,Sugar,D,0
13,7,PowderMilk,A,0
13,7,PowderMilk,B,0
13,7,PowderMilk,C,0
13,7,PowderMilk,D,0
13,7,Flavour,A,0
13,7,Flavour,B,0
13,7,Flavour,C,0
13,7,Flavour,D,0
13,8,Sugar,A,0
13,8,Sugar,B,0
13,8,Sugar,C,0
13,8,Sugar,D,0
13,8,PowderMilk,A,0
13,8,PowderMilk,B,0
13,8,PowderMilk,C,0
13,8,PowderMilk,D,0
13,8,Flavour,A,0
13,8,Flavour,B,0
13,8,Flavour,C,0
13,8,Flavour,D,0
13,9,Sugar,A,0
13,9,Sugar,B,0
13,9,Sugar,C,0
13,9,Sugar,D,0
13,9,PowderMilk,A,0
13,9,PowderMilk,B,0
13,9,PowderMilk,C,0
13,9,PowderMilk,D,0
13,9,Flavour,A,0
13,9,Flavour,B,0
13,9,Flavour,C,0
13,9,Flavour,D,0
13,10,Sugar,A,0
13,10,Sugar,B,0
13,10,Sugar,C,0
13,10,Sugar,D,0
13,10,PowderMilk,A,0
13,10,PowderMilk,B,0
13,10,PowderMilk,C,0
13,10,PowderMilk,D,0
13,10,Flavour,A,0
13,10,Flavour,B,0
13,10,Flavour,C,0
13,10,Flavour,D,0
13,11,Sugar,A,0
13,11,Sugar,B,0
13,11,Sugar,C,0
13,11,Sugar,D,0
13,11,PowderMilk,A,0
13,11,PowderMilk,B,0
13,11,PowderMilk,C,0
13,11,PowderMilk,D,0
13,11,Flavour,A,0
13,11,Flavour,B,0
13,11,Flavour,C,0
13,11,Flavour,D,0
13,12,Sugar,A,0
13,12,Sugar,B,0
13,12,Sugar,C,0
13,12,Sugar,D,0
13,12,PowderMilk,A,0
13,12,PowderMilk,B,0
13,12,PowderMilk,C,0
13,12,PowderMilk,D,0
13,12,Flavour,A,0
13,12,Flavour,B,0
13,12,Flavour,C,0
13,12,Flavour,D,0
13,13,Sugar,A,181
13,13,Sugar,B,0
13,13,Sugar,C,0
13,13,Sugar,D,0
13,13,PowderMilk,A,116
13,13,PowderMilk,B,0
13,13,PowderMilk,C,0
13,13,PowderMilk,D,0
13,13,Flavour,A,0
13,13,Flavour,B,0
13,13,Flavour,C,0
13,13,Flavour,D,0
13,14,Sugar,A,0
13,14,Sugar,B,0
13,14,Sugar,C,0
13,14,Sugar,D,0
13,14,PowderMilk,A,0
13,14,PowderMilk,B,0
13,14,PowderMilk,C,0
13,14,PowderMilk,D,0
13,14,Flavour,A,0
13,14,Flavour,B,0
13,14,Flavour,C,0
13,14,Flavour,D,0
13,15,Sugar,A,0
13,15,Sugar,B,0
13,15,Sugar,C,0
13,15,Sugar,D,0
13,15,PowderMilk,A,0
13,15,PowderMilk,B,0
13,15,PowderMilk,C,0
13,15,PowderMilk,D,0
13,15,Flavour,A,0
13,15,Flavour,B,0
13,15,Flavour,C,0
13,15,Flavour,D,0
13,16,Sugar,A,0
13,16,Sugar,B,0
13,16,Sugar,C,0
13,16,Sugar,D,0
13,16,PowderMilk,A,0
13,16,PowderMilk,B,0
13,16,PowderMilk,C,0
13,16,PowderMilk,D,0
13,16,Flavour,A,0
13,16,Flavour,B,0
13,16,Flavour,C,0
13,16,Flavour,D,0
13,17,Sugar,A,156
13,17,Sugar,B,0
13,17,Sugar,C,0
13,17,Sugar,D,0
13,17,PowderMilk,A,116
13,17,PowderMilk,B,0
13,17,PowderMilk,C,0
13,17,PowderMilk,D,0
13,17,Flavour,A,34
13,17,Flavour,B,0
13,17,Flavour,C,0
13,17,Flavour,D,0
13,18,Sugar,A,0
13,18,Sugar,B,0
13,18,Sugar,C,0
13,18,Sugar,D,0
13,18,PowderMilk,A,0
13,18,PowderMilk,B,0
13,18,PowderMilk,C,0
13,18,PowderMilk,D,0
13,18,Flavour,A,0
13,18,Flavour,B,0
13,18,Flavour,C,0
13,18,Flavour,D,0
13,19,Sugar,A,0
13,19,Sugar,B,0
13,19,Sugar,C,0
13,19,Sugar,D,192
13,19,PowderMilk,A,0
13,19,PowderMilk,B,0
13,19,PowderMilk,C,0
13,19,PowderMilk,D,0
13,19,Flavour,A,0
13,19,Flavour,B,0
13,19,Flavour,C,0
13,19,Flavour,D,0
13,20,Sugar,A,0
13,20,Sugar,B,0
13,20,Sugar,C,0
13,20,Sugar,D,0
13,20,PowderMilk,A,0
13,20,PowderMilk,B,0
13,20,PowderMilk,C,0
13,20,PowderMilk,D,0
13,20,Flavour,A,0
13,20,Flavour,B,0
13,20,Flavour,C,0
13,20,Flavour,D,0
13,21,Sugar,A,0
13,21,Sugar,B,0
13,21,Sugar,C,0
13,21,Sugar,D,0
13,21,PowderMilk,A,0
13,21,PowderMilk,B,0
13,21,PowderMilk,C,0
13,21,PowderMilk,D,0
13,21,Flavour,A,0
13,21,Flavour,B,0
13,21,Flavour,C,0
13,21,Flavour,D,0
13,22,Sugar,A,0
13,22,Sugar,B,0
13,22,Sugar,C,0
13,22,Sugar,D,0
13,22,PowderMilk,A,114
13,22,PowderMilk,B,0
13,22,PowderMilk,C,0
13,22,PowderMilk,D,0
13,22,Flavour,A,41
13,22,Flavour,B,0
13,22,Flavour,C,0
13,22,Flavour,D,0
13,23,Sugar,A,70
13,23,Sugar,B,0
13,23,Sugar,C,0
13,23,Sugar,D,0
13,23,PowderMilk,A,41
13,23,PowderMilk,B,0
13,23,PowderMilk,C,0
13,23,PowderMilk,D,0
13,23,Flavour,A,5
13,23,Flavour,B,0
13,23,Flavour,C,0
13,23,Flavour,D,0
13,24,Sugar,A,179
13,24,Sugar,B,0
13,24,Sugar,C,0
13,24,Sugar,D,0
13,24,PowderMilk,A,123
13,24,PowderMilk,B,0
13,24,PowderMilk,C,0
13,24,PowderMilk,D,0
13,24,Flavour,A,0
13,24,Flavour,B,0
13,24,Flavour,C,0
13,24,Flavour,D,0
13,25,Sugar,A,178
13,25,Sugar,B,0
13,25,Sugar,C,0
13,25,Sugar,D,0
13,25,PowderMilk,A,125
13,25,PowderMilk,B,0
13,25,PowderMilk,C,0
13,25,PowderMilk,D,0
13,25,Flavour,A,38
13,25,Flavour,B,0
13,25,Flavour,C,0
13,25,Flavour,D,0
13,26,Sugar,A,0
13,26,Sugar,B,0
13,26,Sugar,C,0
13,26,Sugar,D,0
13,26,PowderMilk,A,0
13,26,PowderMilk,B,0
13,26,PowderMilk,C,0
13,26,PowderMilk,D,0
13,26,Flavour,A,0
13,26,Flavour,B,0
13,26,Flavour,C,0
13,26,Flavour,D,0
13,27,Sugar,A,0
13,27,Sugar,B,0
13,27,Sugar,C,0
13,27,Sugar,D,0
13,27,PowderMilk,A,0
13,27,PowderMilk,B,0
13,27,PowderMilk,C,0
13,27,PowderMilk,D,0
13,27,Flavour,A,0
13,27,Flavour,B,0
13,27,Flavour,C,0
13,27,Flavour,D,0
13,28,Sugar,A,170
13,28,Sugar,B,0
13,28,Sugar,C,0
13,28,Sugar,D,0
13,28,PowderMilk,A,112
13,28,PowderMilk,B,0
13,28,PowderMilk,C,0
13,28,PowderMilk,D,0
13,28,Flavour,A,28
13,28,Flavour,B,0
13,28,Flavour,C,0
13,28,Flavour,D,0
13,29,Sugar,A,0
13,29,Sugar,B,0
13,29,Sugar,C,0
13,29,Sugar,D,0
13,29,PowderMilk,A,0
13,29,PowderMilk,B,0
13,29,PowderMilk,C,0
13,29,PowderMilk,D,0
13,29,Flavour,A,0
13,29,Flavour,B,0
13,29,Flavour,C,0
13,29,Flavour,D,0
13,30,Sugar,A,0
13,30,Sugar,B,0
13,30,Sugar,C,0
13,30,Sugar,D,0
13,30,PowderMilk,A,0
13,30,PowderMilk,B,0
13,30,PowderMilk,C,0
13,30,PowderMilk,D,0
13,30,Flavour,A,0
13,30,Flavour,B,0
13,30,Flavour,C,0
13,30,Flavour,D,0
14,1,Sugar,A,201
14,1,Sugar,B,0
14,1,Sugar,C,0
14,1,Sugar,D,0
14,1,PowderMilk,A,142
14,1,PowderMilk,B,0
14,1,PowderMilk,C,0
14,1,PowderMilk,D,0
14,1,Flavour,A,50
14,1,Flavour,B,0
14,1,Flavour,C,0
14,1,Flavour,D,0
14,2,Sugar,A,0
14,2,Sugar,B,0
14,2,Sugar,C,0
14,2,Sugar,D,0
14,2,PowderMilk,A,0
14,2,PowderMilk,B,0
14,2,PowderMilk,C,0
14,2,PowderMilk,D,0
14,2,Flavour,A,0
14,2,Flavour,B,0
14,2,Flavour,C,0
14,2,Flavour,D,0
14,3,Sugar,A,0
14,3,Sugar,B,0
14,3,Sugar,C,0
14,3,Sugar,D,0
14,3,PowderMilk,A,0
14,3,PowderMilk,B,0
14,3,PowderMilk,C,0
14,3,PowderMilk,D,0
14,3,Flavour,A,0
14,3,Flavour,B,0
14,3,Flavour,C,0
14,3,Flavour,D,0
14,4,Sugar,A,0
14,4,Sugar,B,0
14,4,Sugar,C,0
14,4,Sugar,D,0
14,4,PowderMilk,A,0
14,4,PowderMilk,B,0
14,4,PowderMilk,C,0
14,4,PowderMilk,D,0
14,4,Flavour,A,0
14,4,Flavour,B,0
14,4,Flavour,C,0
14,4,Flavour,D,0
14,5,Sugar,A,162
14,5,Sugar,B,0
14,5,Sugar,C,0
14,5,Sugar,D,0
14,5,PowderMilk,A,112
14,5,PowderMilk,B,0
14,5,PowderMilk,C,0
14,5,PowderMilk,D,0
14,5,Flavour,A,34
14,5,Flavour,B,0
14,5,Flavour,C,0
14,5,Flavour,D,0
14,6,Sugar,A,164
14,6,Sugar,B,0
14,6,Sugar,C,0
14,6,Sugar,D,0
14,6,PowderMilk,A,17
14,6,PowderMilk,B,0
14,6,PowderMilk,C,0
14,6,PowderMilk,D,0
14,6,Flavour,A,32
14,6,Flavour,B,0
14,6,Flavour,C,0
14,6,Flavour,D,0
14,7,Sugar,A,0
14,7,Sugar,B,0
14,7,Sugar,C,0
14,7,Sugar,D,0
14,7,PowderMilk,A,0
14,7,PowderMilk,B,0
14,7,PowderMilk,C,0
14,7,PowderMilk,D,0
14,7,Flavour,A,0
14,7,Flavour,B,0
14,7,Flavour,C,0
14,7,Flavour,D,0
14,8,Sugar,A,0
14,8,Sugar,B,0
14,8,Sugar,C,0
14,8,Sugar,D,0
14,8,PowderMilk,A,0
14,8,PowderMilk,B,0
14,8,PowderMilk,C,0
14,8,PowderMilk,D,0
14,8,Flavour,A,0
14,8,Flavour,B,0
14,8,Flavour,C,0
14,8,Flavour,D,0
14,9,Sugar,A,0
14,9,Sugar,B,0
14,9,Sugar,C,0
14,9,Sugar,D,0
14,9,PowderMilk,A,0
14,9,PowderMilk,B,0
14,9,PowderMilk,C,0
14,9,PowderMilk,D,0
14,9,Flavour,A,0
14,9,Flavour,B,0
14,9,Flavour,C,0
14,9,Flavour,D,0
14,10,Sugar,A,0
14,10,Sugar,B,0
14,10,Sugar,C,0
14,10,Sugar,D,0
14,10,PowderMilk,A,0
14,10,PowderMilk,B,0
14,10,PowderMilk,C,0
14,10,PowderMilk,D,0
14,10,Flavour,A,0
14,10,Flavour,B,0
14,10,Flavour,C,0
14,10,Flavour,D,0
14,11,Sugar,A,0
14,11,Sugar,B,0
14,11,Sugar,C,0
14,11,Sugar,D,0
14,11,PowderMilk,A,0
14,11,PowderMilk,B,0
14,11,PowderMilk,C,0
14,11,PowderMilk,D,0
14,11,Flavour,A,0
14,11,Flavour,B,0
14,11,Flavour,C,0
14,11,Flavour,D,0
14,12,Sugar,A,0
14,12,Sugar,B,0
14,12,Sugar,C,0
14,12,Sugar,D,0
14,12,PowderMilk,A,0
14,12,PowderMilk,B,0
14,12,PowderMilk,C,0
14,12,PowderMilk,D,0
14,12,Flavour,A,0
14,12,Flavour,B,0
14,12,Flavour,C,0
14,12,Flavour,D,0
14,13,Sugar,A,0
14,13,Sugar,B,0
14,13,Sugar,C,0
14,13,Sugar,D,0
14,13,PowderMilk,A,0
14,13,PowderMilk,B,0
14,13,PowderMilk,C,0
14,13,PowderMilk,D,0
14,13,Flavour,A,0
14,13,Flavour,B,0
14,13,Flavour,C,0
14,13,Flavour,D,0
14,14,Sugar,A,0
14,14,Sugar,B,0
14,14,Sugar,C,0
14,14,Sugar,D,0
14,14,PowderMilk,A,0
14,14,PowderMilk,B,0
14,14,PowderMilk,C,0
14,14,PowderMilk,D,0
14,14,Flavour,A,0
14,14,Flavour,B,0
14,14,Flavour,C,0
14,14,Flavour,D,0
14,15,Sugar,A,0
14,15,Sugar,B,0
14,15,Sugar,C,0
14,15,Sugar,D,0
14,15,PowderMilk,A,0
14,15,PowderMilk,B,0
14,15,PowderMilk,C,0
14,15,PowderMilk,D,0
14,15,Flavour,A,0
14,15,Flavour,B,0
14,15,Flavour,C,0
14,15,Flavour,D,0
14,16,Sugar,A,0
14,16,Sugar,B,0
14,16,Sugar,C,0
14,16,Sugar,D,0
14,16,PowderMilk,A,0
14,16,PowderMilk,B,0
14,16,PowderMilk,C,0
14,16,PowderMilk,D,0
14,16,Flavour,A,0
14,16,Flavour,B,0
14,16,Flavour,C,0
14,16,Flavour,D,0
14,17,Sugar,A,0
14,17,Sugar,B,0
14,17,Sugar,C,0
14,17,Sugar,D,0
14,17,PowderMilk,A,0
14,17,PowderMilk,B,0
14,17,PowderMilk,C,0
14,17,PowderMilk,D,0
14,17,Flavour,A,0
14,17,Flavour,B,0
14,17,Flavour,C,0
14,17,Flavour,D,0
14,18,Sugar,A,166
14,18,Sugar,B,0
14,18,Sugar,C,0
14,18,Sugar,D,0
14,18,PowderMilk,A,113
14,18,PowderMilk,B,0
14,18,PowderMilk,C,0
14,18,PowderMilk,D,0
14,18,Flavour,A,10
14,18,Flavour,B,0
14,18,Flavour,C,0
14,18,Flavour,D,0
14,19,Sugar,A,0
14,19,Sugar,B,0
14,19,Sugar,C,0
14,19,Sugar,D,0
14,19,PowderMilk,A,0
14,19,PowderMilk,B,0
14,19,PowderMilk,C,0
14,19,PowderMilk,D,0
14,19,Flavour,A,0
14,19,Flavour,B,0
14,19,Flavour,C,0
14,19,Flavour,D,0
14,20,Sugar,A,0
14,20,Sugar,B,0
14,20,Sugar,C,0
14,20,Sugar,D,0
14,20,PowderMilk,A,0
14,20,PowderMilk,B,0
14,20,PowderMilk,C,0
14,20,PowderMilk,D,0
14,20,Flavour,A,0
14,20,Flavour,B,0
14,20,Flavour,C,0
14,20,Flavour,D,0
14,21,Sugar,A,0
14,21,Sugar,B,0
14,21,Sugar,C,0
14,21,Sugar,D,0
14,21,PowderMilk,A,0
14,21,PowderMilk,B,0
14,21,PowderMilk,C,0
14,21,PowderMilk,D,0
14,21,Flavour,A,0
14,21,Flavour,B,0
14,21,Flavour,C,0
14,21,Flavour,D,0
14,22,Sugar,A,0
14,22,Sugar,B,0
14,22,Sugar,C,0
14,22,Sugar,D,0
14,22,PowderMilk,A,0
14,22,PowderMilk,B,0
14,22,PowderMilk,C,0
14,22,PowderMilk,D,0
14,22,Flavour,A,0
14,22,Flavour,B,0
14,22,Flavour,C,0
14,22,Flavour,D,0
14,23,Sugar,A,0
14,23,Sugar,B,0
14,23,Sugar,C,0
14,23,Sugar,D,0
14,23,PowderMilk,A,0
14,23,PowderMilk,B,0
14,23,PowderMilk,C,0
14,23,PowderMilk,D,0
14,23,Flavour,A,0
14,23,Flavour,B,0
14,23,Flavour,C,0
14,23,Flavour,D,0
14,24,Sugar,A,0
14,24,Sugar,B,0
14,24,Sugar,C,0
14,24,Sugar,D,0
14,24,PowderMilk,A,0
14,24,PowderMilk,B,0
14,24,PowderMilk,C,0
14,24,PowderMilk,D,0
14,24,Flavour,A,0
14,24,Flavour,B,0
14,24,Flavour,C,0
14,24,Flavour,D,0
14,25,Sugar,A,0
14,25,Sugar,B,0
14,25,Sugar,C,0
14,25,Sugar,D,0
14,25,PowderMilk,A,0
14,25,PowderMilk,B,0
14,25,PowderMilk,C,0
14,25,PowderMilk,D,0
14,25,Flavour,A,0
14,25,Flavour,B,0
14,25,Flavour,C,0
14,25,Flavour,D,0
14,26,Sugar,A,0
14,26,Sugar,B,0
14,26,Sugar,C,0
14,26,Sugar,D,0
14,26,PowderMilk,A,0
14,26,PowderMilk,B,0
14,26,PowderMilk,C,0
14,26,PowderMilk,D,0
14,26,Flavour,A,0
14,26,Flavour,B,0
14,26,Flavour,C,0
14,26,Flavour,D,0
14,27,Sugar,A,0
14,27,Sugar,B,0
14,27,Sugar,C,0
14,27,Sugar,D,0
14,27,PowderMilk,A,0
14,27,PowderMilk,B,0
14,27,PowderMilk,C,0
14,27,PowderMilk,D,0
14,27,Flavour,A,0
14,27,Flavour,B,0
14,27,Flavour,C,0
14,27,Flavour,D,0
14,28,Sugar,A,0
14,28,Sugar,B,0
14,28,Sugar,C,0
14,28,Sugar,D,0
14,28,PowderMilk,A,0
14,28,PowderMilk,B,0
14,28,PowderMilk,C,0
14,28,PowderMilk,D,0
14,28,Flavour,A,0
14,28,Flavour,B,0
14,28,Flavour,C,0
14,28,Flavour,D,0
14,29,Sugar,A,0
14,29,Sugar,B,0
14,29,Sugar,C,0
14,29,Sugar,D,0
14,29,PowderMilk,A,0
14,29,PowderMilk,B,0
14,29,PowderMilk,C,0
14,29,PowderMilk,D,0
14,29,Flavour,A,0
14,29,Flavour,B,0
14,29,Flavour,C,0
14,29,Flavour,D,0
14,30,Sugar,A,0
14,30,Sugar,B,0
14,30,Sugar,C,0
14,30,Sugar,D,0
14,30,PowderMilk,A,0
14,30,PowderMilk,B,0
14,30,PowderMilk,C,0
14,30,PowderMilk,D,0
14,30,Flavour,A,0
14,30,Flavour,B,0
14,30,Flavour,C,0
14,30,Flavour,D,0
15,1,Sugar,A,0
15,1,Sugar,B,0
15,1,Sugar,C,0
15,1,Sugar,D,0
15,1,PowderMilk,A,0
15,1,PowderMilk,B,0
15,1,PowderMilk,C,0
15,1,PowderMilk,D,0
15,1,Flavour,A,0
15,1,Flavour,B,0
15,1,Flavour,C,0
15,1,Flavour,D,0
15,2,Sugar,A,0
15,2,Sugar,B,0
15,2,Sugar,C,0
15,2,Sugar,D,0
15,2,PowderMilk,A,0
15,2,PowderMilk,B,0
15,2,PowderMilk,C,0
15,2,PowderMilk,D,0
15,2,Flavour,A,0
15,2,Flavour,B,0
15,2,Flavour,C,0
15,2,Flavour,D,0
15,3,Sugar,A,0
15,3,Sugar,B,0
15,3,Sugar,C,0
15,3,Sugar,D,0
15,3,PowderMilk,A,0
15,3,PowderMilk,B,0
15,3,PowderMilk,C,0
15,3,PowderMilk,D,0
15,3,Flavour,A,0
15,3,Flavour,B,0
15,3,Flavour,C,0
15,3,Flavour,D,0
15,4,Sugar,A,0
15,4,Sugar,B,0
15,4,Sugar,C,0
15,4,Sugar,D,0
15,4,PowderMilk,A,0
15,4,PowderMilk,B,0
15,4,PowderMilk,C,0
15,4,PowderMilk,D,0
15,4,Flavour,A,0
15,4,Flavour,B,0
15,4,Flavour,C,0
15,4,Flavour,D,0
15,5,Sugar,A,0
15,5,Sugar,B,0
15,5,Sugar,C,0
15,5,Sugar,D,0
15,5,PowderMilk,A,0
15,5,PowderMilk,B,0
15,5,PowderMilk,C,0
15,5,PowderMilk,D,0
15,5,Flavour,A,0
15,5,Flavour,B,0
15,5,Flavour,C,0
15,5,Flavour,D,0
15,6,Sugar,A,0
15,6,Sugar,B,0
15,6,Sugar,C,0
15,6,Sugar,D,0
15,6,PowderMilk,A,0
15,6,PowderMilk,B,0
15,6,PowderMilk,C,0
15,6,PowderMilk,D,0
15,6,Flavour,A,0
15,6,Flavour,B,0
15,6,Flavour,C,0
15,6,Flavour,D,0
15,7,Sugar,A,0
15,7,Sugar,B,0
15,7,Sugar,C,0
15,7,Sugar,D,0
15,7,PowderMilk,A,0
15,7,PowderMilk,B,0
15,7,PowderMilk,C,0
15,7,PowderMilk,D,0
15,7,Flavour,A,0
15,7,Flavour,B,0
15,7,Flavour,C,0
15,7,Flavour,D,0
15,8,Sugar,A,0
15,8,Sugar,B,0
15,8,Sugar,C,0
15,8,Sugar,D,0
15,8,PowderMilk,A,0
15,8,PowderMilk,B,0
15,8,PowderMilk,C,0
15,8,PowderMilk,D,0
15,8,Flavour,A,0
15,8,Flavour,B,0
15,8,Flavour,C,0
15,8,Flavour,D,0
15,9,Sugar,A,0
15,9,Sugar,B,0
15,9,Sugar,C,0
15,9,Sugar,D,0
15,9,PowderMilk,A,0
15,9,PowderMilk,B,0
15,9,PowderMilk,C,0
15,9,PowderMilk,D,0
15,9,Flavour,A,0
15,9,Flavour,B,0
15,9,Flavour,C,0
15,9,Flavour,D,0
15,10,Sugar,A,0
15,10,Sugar,B,0
15,10,Sugar,C,0
15,10,Sugar,D,0
15,10,PowderMilk,A,0
15,10,PowderMilk,B,0
15,10,PowderMilk,C,0
15,10,PowderMilk,D,0
15,10,Flavour,A,0
15,10,Flavour,B,0
15,10,Flavour,C,0
15,10,Flavour,D,0
15,11,Sugar,A,0
15,11,Sugar,B,0
15,11,Sugar,C,0
15,11,Sugar,D,0
15,11,PowderMilk,A,0
15,11,PowderMilk,B,0
15,11,PowderMilk,C,0
15,11,PowderMilk,D,0
15,11,Flavour,A,0
15,11,Flavour,B,0
15,11,Flavour,C,0
15,11,Flavour,D,0
15,12,Sugar,A,0
15,12,Sugar,B,0
15,12,Sugar,C,0
15,12,Sugar,D,0
15,12,PowderMilk,A,0
15,12,PowderMilk,B,0
15,12,PowderMilk,C,0
15,12,PowderMilk,D,0
15,12,Flavour,A,0
15,12,Flavour,B,0
15,12,Flavour,C,0
15,12,Flavour,D,0
15,13,Sugar,A,0
15,13,Sugar,B,0
15,13,Sugar,C,0
15,13,Sugar,D,0
15,13,PowderMilk,A,0
15,13,PowderMilk,B,0
15,13,PowderMilk,C,0
15,13,PowderMilk,D,0
15,13,Flavour,A,0
15,13,Flavour,B,0
15,13,Flavour,C,0
15,13,Flavour,D,0
15,14,Sugar,A,0
15,14,Sugar,B,0
15,14,Sugar,C,0
15,14,Sugar,D,0
15,14,PowderMilk,A,0
15,14,PowderMilk,B,0
15,14,PowderMilk,C,0
15,14,PowderMilk,D,0
15,14,Flavour,A,0
15,14,Flavour,B,0
15,14,Flavour,C,0
15,14,Flavour,D,0
15,15,Sugar,A,0
15,15,Sugar,B,0
15,15,Sugar,C,0
15,15,Sugar,D,0
15,15,PowderMilk,A,0
15,15,PowderMilk,B,0
15,15,PowderMilk,C,0
15,15,PowderMilk,D,0
15,15,Flavour,A,0
15,15,Flavour,B,0
15,15,Flavour,C,0
15,15,Flavour,D,0
15,16,Sugar,A,0
15,16,Sugar,B,0
15,16,Sugar,C,0
15,16,Sugar,D,0
15,16,PowderMilk,A,0
15,16,PowderMilk,B,0
15,16,PowderMilk,C,0
15,16,PowderMilk,D,0
15,16,Flavour,A,0
15,16,Flavour,B,0
15,16,Flavour,C,0
15,16,Flavour,D,0
15,17,Sugar,A,0
15,17,Sugar,B,0
15,17,Sugar,C,0
15,17,Sugar,D,0
15,17,PowderMilk,A,0
15,17,PowderMilk,B,0
15,17,PowderMilk,C,0
15,17,PowderMilk,D,0
15,17,Flavour,A,0
15,17,Flavour,B,0
15,17,Flavour,C,0
15,17,Flavour,D,0
15,18,Sugar,A,0
15,18,Sugar,B,0
15,18,Sugar,C,0
15,18,Sugar,D,0
15,18,PowderMilk,A,0
15,18,PowderMilk,B,0
15,18,PowderMilk,C,0
15,18,PowderMilk,D,0
15,18,Flavour,A,0
15,18,Flavour,B,0
15,18,Flavour,C,0
15,18,Flavour,D,0
15,19,Sugar,A,0
15,19,Sugar,B,0
15,19,Sugar,C,0
15,19,Sugar,D,0
15,19,PowderMilk,A,0
15,19,PowderMilk,B,0
15,19,PowderMilk,C,0
15,19,PowderMilk,D,0
15,19,Flavour,A,0
15,19,Flavour,B,0
15,19,Flavour,C,0
15,19,Flavour,D,0
15,20,Sugar,A,0
15,20,Sugar,B,0
15,20,Sugar,C,0
15,20,Sugar,D,0
15,20,PowderMilk,A,0
15,20,PowderMilk,B,0
15,20,PowderMilk,C,0
15,20,PowderMilk,D,0
15,20,Flavour,A,0
15,20,Flavour,B,0
15,20,Flavour,C,0
15,20,Flavour,D,0
15,21,Sugar,A,0
15,21,Sugar,B,0
15,21,Sugar,C,0
15,21,Sugar,D,0
15,21,PowderMilk,A,0
15,21,PowderMilk,B,0
15,21,PowderMilk,C,0
15,21,PowderMilk,D,0
15,21,Flavour,A,0
15,21,Flavour,B,0
15,21,Flavour,C,0
15,21,Flavour,D,0
15,22,Sugar,A,0
15,22,Sugar,B,0
15,22,Sugar,C,0
15,22,Sugar,D,0
15,22,PowderMilk,A,0
15,22,PowderMilk,B,0
15,22,PowderMilk,C,0
15,22,PowderMilk,D,0
15,22,Flavour,A,0
15,22,Flavour,B,0
15,22,Flavour,C,0
15,22,Flavour,D,0
15,23,Sugar,A,0
15,23,Sugar,B,0
15,23,Sugar,C,0
15,23,Sugar,D,0
15,23,PowderMilk,A,0
15,23,PowderMilk,B,0
15,23,PowderMilk,C,0
15,23,PowderMilk,D,0
15,23,Flavour,A,0
15,23,Flavour,B,0
15,23,Flavour,C,0
15,23,Flavour,D,0
15,24,Sugar,A,0
15,24,Sugar,B,0
15,24,Sugar,C,0
15,24,Sugar,D,0
15,24,PowderMilk,A,0
15,24,PowderMilk,B,0
15,24,PowderMilk,C,0
15,24,PowderMilk,D,0
15,24,Flavour,A,0
15,24,Flavour,B,0
15,24,Flavour,C,0
15,24,Flavour,D,0
15,25,Sugar,A,0
15,25,Sugar,B,0
15,25,Sugar,C,0
15,25,Sugar,D,0
15,25,PowderMilk,A,0
15,25,PowderMilk,B,0
15,25,PowderMilk,C,0
15,25,PowderMilk,D,0
15,25,Flavour,A,0
15,25,Flavour,B,0
15,25,Flavour,C,0
15,25,Flavour,D,0
15,26,Sugar,A,171
15,26,Sugar,B,0
15,26,Sugar,C,0
15,26,Sugar,D,0
15,26,PowderMilk,A,109
15,26,PowderMilk,B,0
15,26,PowderMilk,C,0
15,26,PowderMilk,D,0
15,26,Flavour,A,32
15,26,Flavour,B,0
15,26,Flavour,C,0
15,26,Flavour,D,0
15,27,Sugar,A,0
15,27,Sugar,B,0
15,27,Sugar,C,0
15,27,Sugar,D,0
15,27,PowderMilk,A,0
15,27,PowderMilk,B,0
15,27,PowderMilk,C,0
15,27,PowderMilk,D,0
15,27,Flavour,A,0
15,27,Flavour,B,0
15,27,Flavour,C,0
15,27,Flavour,D,0
15,28,Sugar,A,0
15,28,Sugar,B,0
15,28,Sugar,C,0
15,28,Sugar,D,0
15,28,PowderMilk,A,0
15,28,PowderMilk,B,0
15,28,PowderMilk,C,0
15,28,PowderMilk,D,0
15,28,Flavour,A,0
15,28,Flavour,B,0
15,28,Flavour,C,0
15,28,Flavour,D,0
15,29,Sugar,A,0
15,29,Sugar,B,0
15,29,Sugar,C,0
15,29,Sugar,D,0
15,29,PowderMilk,A,0
15,29,PowderMilk,B,0
15,29,PowderMilk,C,0
15,29,PowderMilk,D,0
15,29,Flavour,A,0
15,29,Flavour,B,0
15,29,Flavour,C,0
15,29,Flavour,D,0
15,30,Sugar,A,0
15,30,Sugar,B,0
15,30,Sugar,C,0
15,30,Sugar,D,0
15,30,PowderMilk,A,0
15,30,PowderMilk,B,0
15,30,PowderMilk,C,0
15,30,PowderMilk,D,0
15,30,Flavour,A,0
15,30,Flavour,B,0
15,30,Flavour,C,0
15,30,Flavour,D,0
16,1,Sugar,A,0
16,1,Sugar,B,0
16,1,Sugar,C,0
16,1,Sugar,D,0
16,1,PowderMilk,A,0
16,1,PowderMilk,B,0
16,1,PowderMilk,C,0
16,1,PowderMilk,D,0
16,1,Flavour,A,0
16,1,Flavour,B,0
16,1,Flavour,C,0
16,1,Flavour,D,0
16,2,Sugar,A,0
16,2,Sugar,B,0
16,2,Sugar,C,0
16,2,Sugar,D,0
16,2,PowderMilk,A,0
16,2,PowderMilk,B,0
16,2,PowderMilk,C,0
16,2,PowderMilk,D,0
16,2,Flavour,A,0
16,2,Flavour,B,0
16,2,Flavour,C,0
16,2,Flavour,D,0
16,3,Sugar,A,0
16,3,Sugar,B,0
16,3,Sugar,C,0
16,3,Sugar,D,0
16,3,PowderMilk,A,0
16,3,PowderMilk,B,0
16,3,PowderMilk,C,0
16,3,PowderMilk,D,0
16,3,Flavour,A,0
16,3,Flavour,B,0
16,3,Flavour,C,0
16,3,Flavour,D,0
16,4,Sugar,A,0
16,4,Sugar,B,0
16,4,Sugar,C,0
16,4,Sugar,D,0
16,4,PowderMilk,A,0
16,4,PowderMilk,B,0
16,4,PowderMilk,C,0
16,4,PowderMilk,D,0
16,4,Flavour,A,0
16,4,Flavour,B,0
16,4,Flavour,C,0
16,4,Flavour,D,0
16,5,Sugar,A,0
16,5,Sugar,B,0
16,5,Sugar,C,0
16,5,Sugar,D,0
16,5,PowderMilk,A,0
16,5,PowderMilk,B,0
16,5,PowderMilk,C,0
16,5,PowderMilk,D,0
16,5,Flavour,A,0
16,5,Flavour,B,0
16,5,Flavour,C,0
16,5,Flavour,D,0
16,6,Sugar,A,0
16,6,Sugar,B,0
16,6,Sugar,C,0
16,6,Sugar,D,0
16,6,PowderMilk,A,0
16,6,PowderMilk,B,0
16,6,PowderMilk,C,0
16,6,PowderMilk,D,0
16,6,Flavour,A,0
16,6,Flavour,B,0
16,6,Flavour,C,0
16,6,Flavour,D,0
16,7,Sugar,A,0
16,7,Sugar,B,0
16,7,Sugar,C,0
16,7,Sugar,D,0
16,7,PowderMilk,A,0
16,7,PowderMilk,B,0
16,7,PowderMilk,C,0
16,7,PowderMilk,D,0
16,7,Flavour,A,0
16,7,Flavour,B,0
16,7,Flavour,C,0
16,7,Flavour,D,0
16,8,Sugar,A,0
16,8,Sugar,B,0
16,8,Sugar,C,0
16,8,Sugar,D,0
16,8,PowderMilk,A,0
16,8,PowderMilk,B,0
16,8,PowderMilk,C,0
16,8,PowderMilk,D,0
16,8,Flavour,A,0
16,8,Flavour,B,0
16,8,Flavour,C,0
16,8,Flavour,D,0
16,9,Sugar,A,0
16,9,Sugar,B,0
16,9,Sugar,C,0
16,9,Sugar,D,0
16,9,PowderMilk,A,0
16,9,PowderMilk,B,0
16,9,PowderMilk,C,0
16,9,PowderMilk,D,0
16,9,Flavour,A,0
16,9,Flavour,B,0
16,9,Flavour,C,0
16,9,Flavour,D,0
16,10,Sugar,A,166
16,10,Sugar,B,0
16,10,Sugar,C,0
16,10,Sugar,D,0
16,10,PowderMilk,A,93
16,10,PowderMilk,B,0
16,10,PowderMilk,C,0
16,10,PowderMilk,D,0
16,10,Flavour,A,32
16,10,Flavour,B,0
16,10,Flavour,C,0
16,10,Flavour,D,0
16,11,Sugar,A,0
16,11,Sugar,B,0
16,11,Sugar,C,0
16,11,Sugar,D,0
16,11,PowderMilk,A,0
16,11,PowderMilk,B,0
16,11,PowderMilk,C,0
16,11,PowderMilk,D,0
16,11,Flavour,A,0
16,11,Flavour,B,0
16,11,Flavour,C,0
16,11,Flavour,D,0
16,12,Sugar,A,170
16,12,Sugar,B,0
16,12,Sugar,C,0
16,12,Sugar,D,0
16,12,PowderMilk,A,86
16,12,PowderMilk,B,0
16,12,PowderMilk,C,0
16,12,PowderMilk,D,0
16,12,Flavour,A,37
16,12,Flavour,B,0
16,12,Flavour,C,0
16,12,Flavour,D,0
16,13,Sugar,A,0
16,13,Sugar,B,0
16,13,Sugar,C,0
16,13,Sugar,D,0
16,13,PowderMilk,A,0
16,13,PowderMilk,B,0
16,13,PowderMilk,C,0
16,13,PowderMilk,D,0
16,13,Flavour,A,0
16,13,Flavour,B,0
16,13,Flavour,C,0
16,13,Flavour,D,0
16,14,Sugar,A,0
16,14,Sugar,B,0
16,14,Sugar,C,0
16,14,Sugar,D,0
16,14,PowderMilk,A,0
16,14,PowderMilk,B,0
16,14,PowderMilk,C,0
16,14,PowderMilk,D,0
16,14,Flavour,A,0
16,14,Flavour,B,0
16,14,Flavour,C,0
16,14,Flavour,D,0
16,15,Sugar,A,0
16,15,Sugar,B,0
16,15,Sugar,C,0
16,15,Sugar,D,0
16,15,PowderMilk,A,0
16,15,PowderMilk,B,0
16,15,PowderMilk,C,0
16,15,PowderMilk,D,0
16,15,Flavour,A,0
16,15,Flavour,B,0
16,15,Flavour,C,0
16,15,Flavour,D,0
16,16,Sugar,A,0
16,16,Sugar,B,0
16,16,Sugar,C,0
16,16,Sugar,D,0
16,16,PowderMilk,A,0
16,16,PowderMilk,B,0
16,16,PowderMilk,C,0
16,16,PowderMilk,D,0
16,16,Flavour,A,0
16,16,Flavour,B,0
16,16,Flavour,C,0
16,16,Flavour,D,0
16,17,Sugar,A,0
16,17,Sugar,B,0
16,17,Sugar,C,0
16,17,Sugar,D,0
16,17,PowderMilk,A,0
16,17,PowderMilk,B,0
16,17,PowderMilk,C,0
16,17,PowderMilk,D,0
16,17,Flavour,A,0
16,17,Flavour,B,0
16,17,Flavour,C,0
16,17,Flavour,D,0
16,18,Sugar,A,0
16,18,Sugar,B,0
16,18,Sugar,C,0
16,18,Sugar,D,0
16,18,PowderMilk,A,0
16,18,PowderMilk,B,0
16,18,PowderMilk,C,0
16,18,PowderMilk,D,0
16,18,Flavour,A,0
16,18,Flavour,B,0
16,18,Flavour,C,0
16,18,Flavour,D,0
16,19,Sugar,A,0
16,19,Sugar,B,0
16,19,Sugar,C,0
16,19,Sugar,D,0
16,19,PowderMilk,A,0
16,19,PowderMilk,B,0
16,19,PowderMilk,C,0
16,19,PowderMilk,D,0
16,19,Flavour,A,0
16,19,Flavour,B,0
16,19,Flavour,C,0
16,19,Flavour,D,0
16,20,Sugar,A,0
16,20,Sugar,B,0
16,20,Sugar,C,0
16,20,Sugar,D,0
16,20,PowderMilk,A,0
16,20,PowderMilk,B,0
16,20,PowderMilk,C,0
16,20,PowderMilk,D,0
16,20,Flavour,A,0
16,20,Flavour,B,0
16,20,Flavour,C,0
16,20,Flavour,D,0
16,21,Sugar,A,0
16,21,Sugar,B,0
16,21,Sugar,C,0
16,21,Sugar,D,0
16,21,PowderMilk,A,0
16,21,PowderMilk,B,0
16,21,PowderMilk,C,0
16,21,PowderMilk,D,0
16,21,Flavour,A,0
16,21,Flavour,B,0
16,21,Flavour,C,0
16,21,Flavour,D,0
16,22,Sugar,A,0
16,22,Sugar,B,0
16,22,Sugar,C,0
16,22,Sugar,D,0
16,22,PowderMilk,A,0
16,22,PowderMilk,B,0
16,22,PowderMilk,C,0
16,22,PowderMilk,D,0
16,22,Flavour,A,0
16,22,Flavour,B,0
16,22,Flavour,C,0
16,22,Flavour,D,0
16,23,Sugar,A,0
16,23,Sugar,B,0
16,23,Sugar,C,0
16,23,Sugar,D,0
16,23,PowderMilk,A,0
16,23,PowderMilk,B,0
16,23,PowderMilk,C,0
16,23,PowderMilk,D,0
16,23,Flavour,A,0
16,23,Flavour,B,0
16,23,Flavour,C,0
16,23,Flavour,D,0
16,24,Sugar,A,0
16,24,Sugar,B,0
16,24,Sugar,C,0
16,24,Sugar,D,0
16,24,PowderMilk,A,0
16,24,PowderMilk,B,0
16,24,PowderMilk,C,0
16,24,PowderMilk,D,0
16,24,Flavour,A,0
16,24,Flavour,B,0
16,24,Flavour,C,0
16,24,Flavour,D,0
16,25,Sugar,A,0
16,25,Sugar,B,0
16,25,Sugar,C,0
16,25,Sugar,D,0
16,25,PowderMilk,A,0
16,25,PowderMilk,B,0
16,25,PowderMilk,C,0
16,25,PowderMilk,D,0
16,25,Flavour,A,0
16,25,Flavour,B,0
16,25,Flavour,C,0
16,25,Flavour,D,0
16,26,Sugar,A,0
16,26,Sugar,B,0
16,26,Sugar,C,0
16,26,Sugar,D,0
16,26,PowderMilk,A,0
16,26,PowderMilk,B,0
16,26,PowderMilk,C,0
16,26,PowderMilk,D,0
16,26,Flavour,A,0
16,26,Flavour,B,0
16,26,Flavour,C,0
16,26,Flavour,D,0
16,27,Sugar,A,0
16,27,Sugar,B,0
16,27,Sugar,C,0
16,27,Sugar,D,0
16,27,PowderMilk,A,0
16,27,PowderMilk,B,0
16,27,PowderMilk,C,0
16,27,PowderMilk,D,0
16,27,Flavour,A,0
16,27,Flavour,B,0
16,27,Flavour,C,0
16,27,Flavour,D,0
16,28,Sugar,A,0
16,28,Sugar,B,0
16,28,Sugar,C,0
16,28,Sugar,D,0
16,28,PowderMilk,A,0
16,28,PowderMilk,B,0
16,28,PowderMilk,C,0
16,28,PowderMilk,D,0
16,28,Flavour,A,0
16,28,Flavour,B,0
16,28,Flavour,C,0
16,28,Flavour,D,0
16,29,Sugar,A,0
16,29,Sugar,B,0
16,29,Sugar,C,0
16,29,Sugar,D,0
16,29,PowderMilk,A,0
16,29,PowderMilk,B,0
16,29,PowderMilk,C,0
16,29,PowderMilk,D,0
16,29,Flavour,A,0
16,29,Flavour,B,0
16,29,Flavour,C,0
16,29,Flavour,D,0
16,30,Sugar,A,0
16,30,Sugar,B,0
16,30,Sugar,C,0
16,30,Sugar,D,0
16,30,PowderMilk,A,0
16,30,PowderMilk,B,0
16,30,PowderMilk,C,0
16,30,PowderMilk,D,0
16,30,Flavour,A,0
16,30,Flavour,B,0
16,30,Flavour,C,0
16,30,Flavour,D,0
17,1,Sugar,A,0
17,1,Sugar,B,0
17,1,Sugar,C,0
17,1,Sugar,D,0
17,1,PowderMilk,A,0
17,1,PowderMilk,B,0
17,1,PowderMilk,C,0
17,1,PowderMilk,D,0
17,1,Flavour,A,0
17,1,Flavour,B,0
17,1,Flavour,C,0
17,1,Flavour,D,0
17,2,Sugar,A,0
17,2,Sugar,B,0
17,2,Sugar,C,0
17,2,Sugar,D,0
17,2,PowderMilk,A,0
17,2,PowderMilk,B,0
17,2,PowderMilk,C,0
17,2,PowderMilk,D,0
17,2,Flavour,A,0
17,2,Flavour,B,0
17,2,Flavour,C,0
17,2,Flavour,D,0
17,3,Sugar,A,0
17,3,Sugar,B,0
17,3,Sugar,C,0
17,3,Sugar,D,0
17,3,PowderMilk,A,0
17,3,PowderMilk,B,0
17,3,PowderMilk,C,0
17,3,PowderMilk,D,0
17,3,Flavour,A,0
17,3,Flavour,B,0
17,3,Flavour,C,0
17,3,Flavour,D,0
17,4,Sugar,A,0
17,4,Sugar,B,0
17,4,Sugar,C,0
17,4,Sugar,D,0
17,4,PowderMilk,A,0
17,4,PowderMilk,B,0
17,4,PowderMilk,C,0
17,4,PowderMilk,D,0
17,4,Flavour,A,0
17,4,Flavour,B,0
17,4,Flavour,C,0
17,4,Flavour,D,0
17,5,Sugar,A,0
17,5,Sugar,B,0
17,5,Sugar,C,0
17,5,Sugar,D,0
17,5,PowderMilk,A,0
17,5,PowderMilk,B,0
17,5,PowderMilk,C,0
17,5,PowderMilk,D,0
17,5,Flavour,A,0
17,5,Flavour,B,0
17,5,Flavour,C,0
17,5,Flavour,D,0
17,6,Sugar,A,0
17,6,Sugar,B,0
17,6,Sugar,C,0
17,6,Sugar,D,0
17,6,PowderMilk,A,0
17,6,PowderMilk,B,0
17,6,PowderMilk,C,0
17,6,PowderMilk,D,0
17,6,Flavour,A,0
17,6,Flavour,B,0
17,6,Flavour,C,0
17,6,Flavour,D,0
17,7,Sugar,A,0
17,7,Sugar,B,0
17,7,Sugar,C,0
17,7,Sugar,D,0
17,7,PowderMilk,A,0
17,7,PowderMilk,B,0
17,7,PowderMilk,C,0
17,7,PowderMilk,D,0
17,7,Flavour,A,0
17,7,Flavour,B,0
17,7,Flavour,C,0
17,7,Flavour,D,0
17,8,Sugar,A,0
17,8,Sugar,B,0
17,8,Sugar,C,0
17,8,Sugar,D,0
17,8,PowderMilk,A,0
17,8,PowderMilk,B,0
17,8,PowderMilk,C,0
17,8,PowderMilk,D,0
17,8,Flavour,A,0
17,8,Flavour,B,0
17,8,Flavour,C,0
17,8,Flavour,D,0
17,9,Sugar,A,0
17,9,Sugar,B,0
17,9,Sugar,C,0
17,9,Sugar,D,0
17,9,PowderMilk,A,0
17,9,PowderMilk,B,0
17,9,PowderMilk,C,0
17,9,PowderMilk,D,0
17,9,Flavour,A,0
17,9,Flavour,B,0
17,9,Flavour,C,0
17,9,Flavour,D,0
17,10,Sugar,A,0
17,10,Sugar,B,0
17,10,Sugar,C,0
17,10,Sugar,D,0
17,10,PowderMilk,A,0
17,10,PowderMilk,B,0
17,10,PowderMilk,C,0
17,10,PowderMilk,D,0
17,10,Flavour,A,0
17,10,Flavour,B,0
17,10,Flavour,C,0
17,10,Flavour,D,0
17,11,Sugar,A,0
17,11,Sugar,B,0
17,11,Sugar,C,0
17,11,Sugar,D,0
17,11,PowderMilk,A,0
17,11,PowderMilk,B,0
17,11,PowderMilk,C,0
17,11,PowderMilk,D,0
17,11,Flavour,A,0
17,11,Flavour,B,0
17,11,Flavour,C,0
17,11,Flavour,D,0
17,12,Sugar,A,0
17,12,Sugar,B,0
17,12,Sugar,C,0
17,12,Sugar,D,0
17,12,PowderMilk,A,0
17,12,PowderMilk,B,0
17,12,PowderMilk,C,0
17,12,PowderMilk,D,0
17,12,Flavour,A,0
17,12,Flavour,B,0
17,12,Flavour,C,0
17,12,Flavour,D,0
17,13,Sugar,A,0
17,13,Sugar,B,0
17,13,Sugar,C,0
17,13,Sugar,D,0
17,13,PowderMilk,A,0
17,13,PowderMilk,B,0
17,13,PowderMilk,C,0
17,13,PowderMilk,D,0
17,13,Flavour,A,0
17,13,Flavour,B,0
17,13,Flavour,C,0
17,13,Flavour,D,0
17,14,Sugar,A,0
17,14,Sugar,B,0
17,14,Sugar,C,0
17,14,Sugar,D,0
17,14,PowderMilk,A,0
17,14,PowderMilk,B,0
17,14,PowderMilk,C,0
17,14,PowderMilk,D,0
17,14,Flavour,A,0
17,14,Flavour,B,0
17,14,Flavour,C,0
17,14,Flavour,D,0
17,15,Sugar,A,0
17,15,Sugar,B,0
17,15,Sugar,C,0
17,15,Sugar,D,0
17,15,PowderMilk,A,0
17,15,PowderMilk,B,0
17,15,PowderMilk,C,0
17,15,PowderMilk,D,0
17,15,Flavour,A,0
17,15,Flavour,B,0
17,15,Flavour,C,0
17,15,Flavour,D,0
17,16,Sugar,A,0
17,16,Sugar,B,0
17,16,Sugar,C,0
17,16,Sugar,D,0
17,16,PowderMilk,A,0
17,16,PowderMilk,B,0
17,16,PowderMilk,C,0
17,16,PowderMilk,D,0
17,16,Flavour,A,0
17,16,Flavour,B,0
17,16,Flavour,C,0
17,16,Flavour,D,0
17,17,Sugar,A,0
17,17,Sugar,B,0
17,17,Sugar,C,0
17,17,Sugar,D,0
17,17,PowderMilk,A,0
17,17,PowderMilk,B,0
17,17,PowderMilk,C,0
17,17,PowderMilk,D,0
17,17,Flavour,A,0
17,17,Flavour,B,0
17,17,Flavour,C,0
17,17,Flavour,D,0
17,18,Sugar,A,0
17,18,Sugar,B,0
17,18,Sugar,C,0
17,18,Sugar,D,0
17,18,PowderMilk,A,0
17,18,PowderMilk,B,0
17,18,PowderMilk,C,0
17,18,PowderMilk,D,0
17,18,Flavour,A,0
17,18,Flavour,B,0
17,18,Flavour,C,0
17,18,Flavour,D,0
17,19,Sugar,A,0
17,19,Sugar,B,0
17,19,Sugar,C,0
17,19,Sugar,D,0
17,19,PowderMilk,A,0
17,19,PowderMilk,B,0
17,19,PowderMilk,C,0
17,19,PowderMilk,D,0
17,19,Flavour,A,0
17,19,Flavour,B,0
17,19,Flavour,C,0
17,19,Flavour,D,0
17,20,Sugar,A,0
17,20,Sugar,B,0
17,20,Sugar,C,0
17,20,Sugar,D,0
17,20,PowderMilk,A,0
17,20,PowderMilk,B,0
17,20,PowderMilk,C,0
17,20,PowderMilk,D,0
17,20,Flavour,A,0
17,20,Flavour,B,0
17,20,Flavour,C,0
17,20,Flavour,D,0
17,21,Sugar,A,0
17,21,Sugar,B,0
17,21,Sugar,C,0
17,21,Sugar,D,0
17,21,PowderMilk,A,0
17,21,PowderMilk,B,0
17,21,PowderMilk,C,0
17,21,PowderMilk,D,0
17,21,Flavour,A,0
17,21,Flavour,B,0
17,21,Flavour,C,0
17,21,Flavour,D,0
17,22,Sugar,A,0
17,22,Sugar,B,0
17,22,Sugar,C,0
17,22,Sugar,D,0
17,22,PowderMilk,A,0
17,22,PowderMilk,B,0
17,22,PowderMilk,C,0
17,22,PowderMilk,D,0
17,22,Flavour,A,0
17,22,Flavour,B,0
17,22,Flavour,C,0
17,22,Flavour,D,0
17,23,Sugar,A,0
17,23,Sugar,B,0
17,23,Sugar,C,0
17,23,Sugar,D,0
17,23,PowderMilk,A,0
17,23,PowderMilk,B,0
17,23,PowderMilk,C,0
17,23,PowderMilk,D,0
17,23,Flavour,A,0
17,23,Flavour,B,0
17,23,Flavour,C,0
17,23,Flavour,D,0
17,24,Sugar,A,0
17,24,Sugar,B,0
17,24,Sugar,C,0
17,24,Sugar,D,0
17,24,PowderMilk,A,0
17,24,PowderMilk,B,0
17,24,PowderMilk,C,0
17,24,PowderMilk,D,0
17,24,Flavour,A,0
17,24,Flavour,B,0
17,24,Flavour,C,0
17,24,Flavour,D,0
17,25,Sugar,A,0
17,25,Sugar,B,0
17,25,Sugar,C,0
17,25,Sugar,D,0
17,25,PowderMilk,A,0
17,25,PowderMilk,B,0
17,25,PowderMilk,C,0
17,25,PowderMilk,D,0
17,25,Flavour,A,0
17,25,Flavour,B,0
17,25,Flavour,C,0
17,25,Flavour,D,0
17,26,Sugar,A,0
17,26,Sugar,B,0
17,26,Sugar,C,0
17,26,Sugar,D,0
17,26,PowderMilk,A,0
17,26,PowderMilk,B,0
17,26,PowderMilk,C,0
17,26,PowderMilk,D,0
17,26,Flavour,A,0
17,26,Flavour,B,0
17,26,Flavour,C,0
17,26,Flavour,D,0
17,27,Sugar,A,0
17,27,Sugar,B,0
17,27,Sugar,C,0
17,27,Sugar,D,0
17,27,PowderMilk,A,0
17,27,PowderMilk,B,0
17,27,PowderMilk,C,0
17,27,PowderMilk,D,0
17,27,Flavour,A,0
17,27,Flavour,B,0
17,27,Flavour,C,0
17,27,Flavour,D,0
17,28,Sugar,A,0
17,28,Sugar,B,0
17,28,Sugar,C,0
17,28,Sugar,D,0
17,28,PowderMilk,A,0
17,28,PowderMilk,B,0
17,28,PowderMilk,C,0
17,28,PowderMilk,D,0
17,28,Flavour,A,0
17,28,Flavour,B,0
17,28,Flavour,C,0
17,28,Flavour,D,0
17,29,Sugar,A,0
17,29,Sugar,B,0
17,29,Sugar,C,0
17,29,Sugar,D,0
17,29,PowderMilk,A,0
17,29,PowderMilk,B,0
17,29,PowderMilk,C,0
17,29,PowderMilk,D,0
17,29,Flavour,A,0
17,29,Flavour,B,0
17,29,Flavour,C,0
17,29,Flavour,D,0
17,30,Sugar,A,0
17,30,Sugar,B,0
17,30,Sugar,C,0
17,30,Sugar,D,0
17,30,PowderMilk,A,0
17,30,PowderMilk,B,0
17,30,PowderMilk,C,0
17,30,PowderMilk,D,0
17,30,Flavour,A,0
17,30,Flavour,B,0
17,30,Flavour,C,0
17,30,Flavour,D,0
18,1,Sugar,A,0
18,1,Sugar,B,0
18,1,Sugar,C,0
18,1,Sugar,D,0
18,1,PowderMilk,A,0
18,1,PowderMilk,B,0
18,1,PowderMilk,C,0
18,1,PowderMilk,D,0
18,1,Flavour,A,0
18,1,Flavour,B,0
18,1,Flavour,C,0
18,1,Flavour,D,0
18,2,Sugar,A,0
18,2,Sugar,B,0
18,2,Sugar,C,0
18,2,Sugar,D,0
18,2,PowderMilk,A,0
18,2,PowderMilk,B,0
18,2,PowderMilk,C,0
18,2,PowderMilk,D,0
18,2,Flavour,A,0
18,2,Flavour,B,0
18,2,Flavour,C,0
18,2,Flavour,D,0
18,3,Sugar,A,0
18,3,Sugar,B,0
18,3,Sugar,C,0
18,3,Sugar,D,0
18,3,PowderMilk,A,0
18,3,PowderMilk,B,0
18,3,PowderMilk,C,0
18,3,PowderMilk,D,0
18,3,Flavour,A,0
18,3,Flavour,B,0
18,3,Flavour,C,0
18,3,Flavour,D,0
18,4,Sugar,A,0
18,4,Sugar,B,0
18,4,Sugar,C,0
18,4,Sugar,D,0
18,4,PowderMilk,A,0
18,4,PowderMilk,B,0
18,4,PowderMilk,C,0
18,4,PowderMilk,D,0
18,4,Flavour,A,0
18,4,Flavour,B,0
18,4,Flavour,C,0
18,4,Flavour,D,0
18,5,Sugar,A,0
18,5,Sugar,B,0
18,5,Sugar,C,0
18,5,Sugar,D,0
18,5,PowderMilk,A,0
18,5,PowderMilk,B,0
18,5,PowderMilk,C,0
18,5,PowderMilk,D,0
18,5,Flavour,A,0
18,5,Flavour,B,0
18,5,Flavour,C,0
18,5,Flavour,D,0
18,6,Sugar,A,0
18,6,Sugar,B,0
18,6,Sugar,C,0
18,6,Sugar,D,0
18,6,PowderMilk,A,0
18,6,PowderMilk,B,0
18,6,PowderMilk,C,0
18,6,PowderMilk,D,0
18,6,Flavour,A,0
18,6,Flavour,B,0
18,6,Flavour,C,0
18,6,Flavour,D,0
18,7,Sugar,A,0
18,7,Sugar,B,0
18,7,Sugar,C,0
18,7,Sugar,D,0
18,7,PowderMilk,A,0
18,7,PowderMilk,B,0
18,7,PowderMilk,C,0
18,7,PowderMilk,D,0
18,7,Flavour,A,0
18,7,Flavour,B,0
18,7,Flavour,C,0
18,7,Flavour,D,0
18,8,Sugar,A,0
18,8,Sugar,B,0
18,8,Sugar,C,0
18,8,Sugar,D,0
18,8,PowderMilk,A,0
18,8,PowderMilk,B,0
18,8,PowderMilk,C,0
18,8,PowderMilk,D,0
18,8,Flavour,A,0
18,8,Flavour,B,0
18,8,Flavour,C,0
18,8,Flavour,D,0
18,9,Sugar,A,0
18,9,Sugar,B,0
18,9,Sugar,C,0
18,9,Sugar,D,0
18,9,PowderMilk,A,0
18,9,PowderMilk,B,0
18,9,PowderMilk,C,0
18,9,PowderMilk,D,0
18,9,Flavour,A,0
18,9,Flavour,B,0
18,9,Flavour,C,0
18,9,Flavour,D,0
18,10,Sugar,A,0
18,10,Sugar,B,0
18,10,Sugar,C,0
18,10,Sugar,D,0
18,10,PowderMilk,A,0
18,10,PowderMilk,B,0
18,10,PowderMilk,C,0
18,10,PowderMilk,D,0
18,10,Flavour,A,0
18,10,Flavour,B,0
18,10,Flavour,C,0
18,10,Flavour,D,0
18,11,Sugar,A,0
18,11,Sugar,B,0
18,11,Sugar,C,0
18,11,Sugar,D,0
18,11,PowderMilk,A,0
18,11,PowderMilk,B,0
18,11,PowderMilk,C,0
18,11,PowderMilk,D,0
18,11,Flavour,A,0
18,11,Flavour,B,0
18,11,Flavour,C,0
18,11,Flavour,D,0
18,12,Sugar,A,0
18,12,Sugar,B,0
18,12,Sugar,C,0
18,12,Sugar,D,0
18,12,PowderMilk,A,0
18,12,PowderMilk,B,0
18,12,PowderMilk,C,0
18,12,PowderMilk,D,0
18,12,Flavour,A,0
18,12,Flavour,B,0
18,12,Flavour,C,0
18,12,Flavour,D,0
18,13,Sugar,A,0
18,13,Sugar,B,0
18,13,Sugar,C,0
18,13,Sugar,D,0
18,13,PowderMilk,A,0
18,13,PowderMilk,B,0
18,13,PowderMilk,C,0
18,13,PowderMilk,D,0
18,13,Flavour,A,0
18,13,Flavour,B,0
18,13,Flavour,C,0
18,13,Flavour,D,0
18,14,Sugar,A,0
18,14,Sugar,B,0
18,14,Sugar,C,0
18,14,Sugar,D,0
18,14,PowderMilk,A,0
18,14,PowderMilk,B,0
18,14,PowderMilk,C,0
18,14,PowderMilk,D,0
18,14,Flavour,A,0
18,14,Flavour,B,0
18,14,Flavour,C,0
18,14,Flavour,D,0
18,15,Sugar,A,0
18,15,Sugar,B,0
18,15,Sugar,C,0
18,15,Sugar,D,0
18,15,PowderMilk,A,0
18,15,PowderMilk,B,0
18,15,PowderMilk,C,0
18,15,PowderMilk,D,0
18,15,Flavour,A,0
18,15,Flavour,B,0
18,15,Flavour,C,0
18,15,Flavour,D,0
18,16,Sugar,A,0
18,16,Sugar,B,0
18,16,Sugar,C,0
18,16,Sugar,D,0
18,16,PowderMilk,A,0
18,16,PowderMilk,B,0
18,16,PowderMilk,C,0
18,16,PowderMilk,D,0
18,16,Flavour,A,0
18,16,Flavour,B,0
18,16,Flavour,C,0
18,16,Flavour,D,0
18,17,Sugar,A,0
18,17,Sugar,B,0
18,17,Sugar,C,0
18,17,Sugar,D,0
18,17,PowderMilk,A,0
18,17,PowderMilk,B,0
18,17,PowderMilk,C,0
18,17,PowderMilk,D,0
18,17,Flavour,A,0
18,17,Flavour,B,0
18,17,Flavour,C,0
18,17,Flavour,D,0
18,18,Sugar,A,0
18,18,Sugar,B,0
18,18,Sugar,C,0
18,18,Sugar,D,0
18,18,PowderMilk,A,0
18,18,PowderMilk,B,0
18,18,PowderMilk,C,0
18,18,PowderMilk,D,0
18,18,Flavour,A,0
18,18,Flavour,B,0
18,18,Flavour,C,0
18,18,Flavour,D,0
18,19,Sugar,A,0
18,19,Sugar,B,0
18,19,Sugar,C,0
18,19,Sugar,D,0
18,19,PowderMilk,A,0
18,19,PowderMilk,B,0
18,19,PowderMilk,C,0
18,19,PowderMilk,D,0
18,19,Flavour,A,0
18,19,Flavour,B,0
18,19,Flavour,C,0
18,19,Flavour,D,0
18,20,Sugar,A,0
18,20,Sugar,B,0
18,20,Sugar,C,0
18,20,Sugar,D,0
18,20,PowderMilk,A,0
18,20,PowderMilk,B,0
18,20,PowderMilk,C,0
18,20,PowderMilk,D,0
18,20,Flavour,A,0
18,20,Flavour,B,0
18,20,Flavour,C,0
18,20,Flavour,D,0
18,21,Sugar,A,0
18,21,Sugar,B,0
18,21,Sugar,C,0
18,21,Sugar,D,0
18,21,PowderMilk,A,0
18,21,PowderMilk,B,0
18,21,PowderMilk,C,0
18,21,PowderMilk,D,0
18,21,Flavour,A,0
18,21,Flavour,B,0
18,21,Flavour,C,0
18,21,Flavour,D,0
18,22,Sugar,A,0
18,22,Sugar,B,0
18,22,Sugar,C,0
18,22,Sugar,D,0
18,22,PowderMilk,A,0
18,22,PowderMilk,B,0
18,22,PowderMilk,C,0
18,22,PowderMilk,D,0
18,22,Flavour,A,0
18,22,Flavour,B,0
18,22,Flavour,C,0
18,22,Flavour,D,0
18,23,Sugar,A,0
18,23,Sugar,B,0
18,23,Sugar,C,0
18,23,Sugar,D,0
18,23,PowderMilk,A,0
18,23,PowderMilk,B,0
18,23,PowderMilk,C,0
18,23,PowderMilk,D,0
18,23,Flavour,A,0
18,23,Flavour,B,0
18,23,Flavour,C,0
18,23,Flavour,D,0
18,24,Sugar,A,0
18,24,Sugar,B,0
18,24,Sugar,C,0
18,24,Sugar,D,0
18,24,PowderMilk,A,0
18,24,PowderMilk,B,0
18,24,PowderMilk,C,0
18,24,PowderMilk,D,0
18,24,Flavour,A,0
18,24,Flavour,B,0
18,24,Flavour,C,0
18,24,Flavour,D,0
18,25,Sugar,A,0
18,25,Sugar,B,0
18,25,Sugar,C,0
18,25,Sugar,D,0
18,25,PowderMilk,A,0
18,25,PowderMilk,B,0
18,25,PowderMilk,C,0
18,25,PowderMilk,D,0
18,25,Flavour,A,0
18,25,Flavour,B,0
18,25,Flavour,C,0
18,25,Flavour,D,0
18,26,Sugar,A,0
18,26,Sugar,B,0
18,26,Sugar,C,0
18,26,Sugar,D,0
18,26,PowderMilk,A,0
18,26,PowderMilk,B,0
18,26,PowderMilk,C,0
18,26,PowderMilk,D,0
18,26,Flavour,A,0
18,26,Flavour,B,0
18,26,Flavour,C,0
18,26,Flavour,D,0
18,27,Sugar,A,0
18,27,Sugar,B,0
18,27,Sugar,C,0
18,27,Sugar,D,0
18,27,PowderMilk,A,0
18,27,PowderMilk,B,0
18,27,PowderMilk,C,0
18,27,PowderMilk,D,0
18,27,Flavour,A,0
18,27,Flavour,B,0
18,27,Flavour,C,0
18,27,Flavour,D,0
18,28,Sugar,A,0
18,28,Sugar,B,0
18,28,Sugar,C,0
18,28,Sugar,D,0
18,28,PowderMilk,A,0
18,28,PowderMilk,B,0
18,28,PowderMilk,C,0
18,28,PowderMilk,D,0
18,28,Flavour,A,0
18,28,Flavour,B,0
18,28,Flavour,C,0
18,28,Flavour,D,0
18,29,Sugar,A,0
18,29,Sugar,B,0
18,29,Sugar,C,0
18,29,Sugar,D,0
18,29,PowderMilk,A,0
18,29,PowderMilk,B,0
18,29,PowderMilk,C,0
18,29,PowderMilk,D,0
18,29,Flavour,A,0
18,29,Flavour,B,0
18,29,Flavour,C,0
18,29,Flavour,D,0
18,30,Sugar,A,0
18,30,Sugar,B,0
18,30,Sugar,C,0
18,30,Sugar,D,0
18,30,PowderMilk,A,0
18,30,PowderMilk,B,0
18,30,PowderMilk,C,0
18,30,PowderMilk,D,0
18,30,Flavour,A,0
18,30,Flavour,B,0
18,30,Flavour,C,0
18,30,Flavour,D,0
19,1,Sugar,A,0
19,1,Sugar,B,0
19,1,Sugar,C,0
19,1,Sugar,D,0
19,1,PowderMilk,A,0
19,1,PowderMilk,B,0
19,1,PowderMilk,C,0
19,1,PowderMilk,D,0
19,1,Flavour,A,0
19,1,Flavour,B,0
19,1,Flavour,C,0
19,1,Flavour,D,0
19,2,Sugar,A,0
19,2,Sugar,B,0
19,2,Sugar,C,0
19,2,Sugar,D,0
19,2,PowderMilk,A,80
19,2,PowderMilk,B,0
19,2,PowderMilk,C,0
19,2,PowderMilk,D,0
19,2,Flavour,A,33
19,2,Flavour,B,0
19,2,Flavour,C,0
19,2,Flavour,D,0
19,3,Sugar,A,0
19,3,Sugar,B,0
19,3,Sugar,C,0
19,3,Sugar,D,0
19,3,PowderMilk,A,0
19,3,PowderMilk,B,0
19,3,PowderMilk,C,0
19,3,PowderMilk,D,0
19,3,Flavour,A,0
19,3,Flavour,B,0
19,3,Flavour,C,0
19,3,Flavour,D,0
19,4,Sugar,A,0
19,4,Sugar,B,0
19,4,Sugar,C,0
19,4,Sugar,D,0
19,4,PowderMilk,A,0
19,4,PowderMilk,B,0
19,4,PowderMilk,C,0
19,4,PowderMilk,D,0
19,4,Flavour,A,0
19,4,Flavour,B,0
19,4,Flavour,C,0
19,4,Flavour,D,0
19,5,Sugar,A,0
19,5,Sugar,B,0
19,5,Sugar,C,0
19,5,Sugar,D,0
19,5,PowderMilk,A,0
19,5,PowderMilk,B,0
19,5,PowderMilk,C,0
19,5,PowderMilk,D,0
19,5,Flavour,A,0
19,5,Flavour,B,0
19,5,Flavour,C,0
19,5,Flavour,D,0
19,6,Sugar,A,0
19,6,Sugar,B,0
19,6,Sugar,C,0
19,6,Sugar,D,0
19,6,PowderMilk,A,0
19,6,PowderMilk,B,0
19,6,PowderMilk,C,0
19,6,PowderMilk,D,0
19,6,Flavour,A,0
19,6,Flavour,B,0
19,6,Flavour,C,0
19,6,Flavour,D,0
19,7,Sugar,A,0
19,7,Sugar,B,0
19,7,Sugar,C,0
19,7,Sugar,D,0
19,7,PowderMilk,A,0
19,7,PowderMilk,B,0
19,7,PowderMilk,C,0
19,7,PowderMilk,D,0
19,7,Flavour,A,0
19,7,Flavour,B,0
19,7,Flavour,C,0
19,7,Flavour,D,0
19,8,Sugar,A,0
19,8,Sugar,B,0
19,8,Sugar,C,0
19,8,Sugar,D,0
19,8,PowderMilk,A,0
19,8,PowderMilk,B,0
19,8,PowderMilk,C,0
19,8,PowderMilk,D,0
19,8,Flavour,A,0
19,8,Flavour,B,0
19,8,Flavour,C,0
19,8,Flavour,D,0
19,9,Sugar,A,0
19,9,Sugar,B,0
19,9,Sugar,C,0
19,9,Sugar,D,0
19,9,PowderMilk,A,0
19,9,PowderMilk,B,0
19,9,PowderMilk,C,0
19,9,PowderMilk,D,0
19,9,Flavour,A,0
19,9,Flavour,B,0
19,9,Flavour,C,0
19,9,Flavour,D,0
19,10,Sugar,A,0
19,10,Sugar,B,0
19,10,Sugar,C,0
19,10,Sugar,D,0
19,10,PowderMilk,A,0
19,10,PowderMilk,B,0
19,10,PowderMilk,C,0
19,10,PowderMilk,D,0
19,10,Flavour,A,0
19,10,Flavour,B,0
19,10,Flavour,C,0
19,10,Flavour,D,0
19,11,Sugar,A,0
19,11,Sugar,B,0
19,11,Sugar,C,0
19,11,Sugar,D,0
19,11,PowderMilk,A,0
19,11,PowderMilk,B,0
19,11,PowderMilk,C,0
19,11,PowderMilk,D,0
19,11,Flavour,A,0
19,11,Flavour,B,0
19,11,Flavour,C,0
19,11,Flavour,D,0
19,12,Sugar,A,0
19,12,Sugar,B,0
19,12,Sugar,C,0
19,12,Sugar,D,0
19,12,PowderMilk,A,0
19,12,PowderMilk,B,0
19,12,PowderMilk,C,0
19,12,PowderMilk,D,0
19,12,Flavour,A,0
19,12,Flavour,B,0
19,12,Flavour,C,0
19,12,Flavour,D,0
19,13,Sugar,A,0
19,13,Sugar,B,0
19,13,Sugar,C,0
19,13,Sugar,D,0
19,13,PowderMilk,A,0
19,13,PowderMilk,B,0
19,13,PowderMilk,C,0
19,13,PowderMilk,D,0
19,13,Flavour,A,0
19,13,Flavour,B,0
19,13,Flavour,C,0
19,13,Flavour,D,0
19,14,Sugar,A,0
19,14,Sugar,B,0
19,14,Sugar,C,0
19,14,Sugar,D,0
19,14,PowderMilk,A,0
19,14,PowderMilk,B,0
19,14,PowderMilk,C,0
19,14,PowderMilk,D,0
19,14,Flavour,A,0
19,14,Flavour,B,0
19,14,Flavour,C,0
19,14,Flavour,D,0
19,15,Sugar,A,0
19,15,Sugar,B,0
19,15,Sugar,C,0
19,15,Sugar,D,0
19,15,PowderMilk,A,0
19,15,PowderMilk,B,0
19,15,PowderMilk,C,0
19,15,PowderMilk,D,0
19,15,Flavour,A,0
19,15,Flavour,B,0
19,15,Flavour,C,0
19,15,Flavour,D,0
19,16,Sugar,A,0
19,16,Sugar,B,0
19,16,Sugar,C,0
19,16,Sugar,D,0
19,16,PowderMilk,A,0
19,16,PowderMilk,B,0
19,16,PowderMilk,C,0
19,16,PowderMilk,D,0
19,16,Flavour,A,0
19,16,Flavour,B,0
19,16,Flavour,C,0
19,16,Flavour,D,0
19,17,Sugar,A,0
19,17,Sugar,B,0
19,17,Sugar,C,0
19,17,Sugar,D,0
19,17,PowderMilk,A,0
19,17,PowderMilk,B,0
19,17,PowderMilk,C,0
19,17,PowderMilk,D,0
19,17,Flavour,A,0
19,17,Flavour,B,0
19,17,Flavour,C,0
19,17,Flavour,D,0
19,18,Sugar,A,0
19,18,Sugar,B,0
19,18,Sugar,C,0
19,18,Sugar,D,0
19,18,PowderMilk,A,0
19,18,PowderMilk,B,0
19,18,PowderMilk,C,0
19,18,PowderMilk,D,0
19,18,Flavour,A,7
19,18,Flavour,B,0
19,18,Flavour,C,0
19,18,Flavour,D,0
19,19,Sugar,A,0
19,19,Sugar,B,0
19,19,Sugar,C,0
19,19,Sugar,D,0
19,19,PowderMilk,A,0
19,19,PowderMilk,B,0
19,19,PowderMilk,C,0
19,19,PowderMilk,D,0
19,19,Flavour,A,0
19,19,Flavour,B,0
19,19,Flavour,C,0
19,19,Flavour,D,0
19,20,Sugar,A,0
19,20,Sugar,B,0
19,20,Sugar,C,0
19,20,Sugar,D,0
19,20,PowderMilk,A,0
19,20,PowderMilk,B,0
19,20,PowderMilk,C,0
19,20,PowderMilk,D,0
19,20,Flavour,A,0
19,20,Flavour,B,0
19,20,Flavour,C,0
19,20,Flavour,D,0
19,21,Sugar,A,0
19,21,Sugar,B,0
19,21,Sugar,C,0
19,21,Sugar,D,0
19,21,PowderMilk,A,0
19,21,PowderMilk,B,0
19,21,PowderMilk,C,0
19,21,PowderMilk,D,0
19,21,Flavour,A,0
19,21,Flavour,B,0
19,21,Flavour,C,0
19,21,Flavour,D,0
19,22,Sugar,A,0
19,22,Sugar,B,0
19,22,Sugar,C,0
19,22,Sugar,D,0
19,22,PowderMilk,A,0
19,22,PowderMilk,B,0
19,22,PowderMilk,C,0
19,22,PowderMilk,D,0
19,22,Flavour,A,0
19,22,Flavour,B,0
19,22,Flavour,C,0
19,22,Flavour,D,0
19,23,Sugar,A,0
19,23,Sugar,B,0
19,23,Sugar,C,0
19,23,Sugar,D,0
19,23,PowderMilk,A,0
19,23,PowderMilk,B,0
19,23,PowderMilk,C,0
19,23,PowderMilk,D,0
19,23,Flavour,A,0
19,23,Flavour,B,0
19,23,Flavour,C,0
19,23,Flavour,D,0
19,24,Sugar,A,0
19,24,Sugar,B,0
19,24,Sugar,C,0
19,24,Sugar,D,0
19,24,PowderMilk,A,0
19,24,PowderMilk,B,0
19,24,PowderMilk,C,0
19,24,PowderMilk,D,0
19,24,Flavour,A,0
19,24,Flavour,B,0
19,24,Flavour,C,0
19,24,Flavour,D,0
19,25,Sugar,A,0
19,25,Sugar,B,0
19,25,Sugar,C,0
19,25,Sugar,D,0
19,25,PowderMilk,A,0
19,25,PowderMilk,B,0
19,25,PowderMilk,C,0
19,25,PowderMilk,D,0
19,25,Flavour,A,0
19,25,Flavour,B,0
19,25,Flavour,C,0
19,25,Flavour,D,0
19,26,Sugar,A,0
19,26,Sugar,B,0
19,26,Sugar,C,0
19,26,Sugar,D,0
19,26,PowderMilk,A,0
19,26,PowderMilk,B,0
19,26,PowderMilk,C,0
19,26,PowderMilk,D,0
19,26,Flavour,A,0
19,26,Flavour,B,0
19,26,Flavour,C,0
19,26,Flavour,D,0
19,27,Sugar,A,0
19,27,Sugar,B,0
19,27,Sugar,C,0
19,27,Sugar,D,0
19,27,PowderMilk,A,0
19,27,PowderMilk,B,0
19,27,PowderMilk,C,0
19,27,PowderMilk,D,0
19,27,Flavour,A,0
19,27,Flavour,B,0
19,27,Flavour,C,0
19,27,Flavour,D,0
19,28,Sugar,A,0
19,28,Sugar,B,0
19,28,Sugar,C,0
19,28,Sugar,D,0
19,28,PowderMilk,A,0
19,28,PowderMilk,B,0
19,28,PowderMilk,C,0
19,28,PowderMilk,D,0
19,28,Flavour,A,0
19,28,Flavour,B,0
19,28,Flavour,C,0
19,28,Flavour,D,0
19,29,Sugar,A,0
19,29,Sugar,B,0
19,29,Sugar,C,0
19,29,Sugar,D,0
19,29,PowderMilk,A,0
19,29,PowderMilk,B,0
19,29,PowderMilk,C,0
19,29,PowderMilk,D,0
19,29,Flavour,A,0
19,29,Flavour,B,0
19,29,Flavour,C,0
19,29,Flavour,D,0
19,30,Sugar,A,0
19,30,Sugar,B,0
19,30,Sugar,C,0
19,30,Sugar,D,0
19,30,PowderMilk,A,0
19,30,PowderMilk,B,0
19,30,PowderMilk,C,0
19,30,PowderMilk,D,0
19,30,Flavour,A,0
19,30,Flavour,B,0
19,30,Flavour,C,0
19,30,Flavour,D,0
20,1,Sugar,A,0
20,1,Sugar,B,0
20,1,Sugar,C,0
20,1,Sugar,D,0
20,1,PowderMilk,A,0
20,1,PowderMilk,B,0
20,1,PowderMilk,C,0
20,1,PowderMilk,D,0
20,1,Flavour,A,0
20,1,Flavour,B,0
20,1,Flavour,C,0
20,1,Flavour,D,0
20,2,Sugar,A,0
20,2,Sugar,B,0
20,2,Sugar,C,0
20,2,Sugar,D,0
20,2,PowderMilk,A,0
20,2,PowderMilk,B,0
20,2,PowderMilk,C,0
20,2,PowderMilk,D,0
20,2,Flavour,A,0
20,2,Flavour,B,0
20,2,Flavour,C,0
20,2,Flavour,D,0
20,3,Sugar,A,0
20,3,Sugar,B,0
20,3,Sugar,C,0
20,3,Sugar,D,0
20,3,PowderMilk,A,0
20,3,PowderMilk,B,0
20,3,PowderMilk,C,0
20,3,PowderMilk,D,0
20,3,Flavour,A,0
20,3,Flavour,B,0
20,3,Flavour,C,0
20,3,Flavour,D,0
20,4,Sugar,A,0
20,4,Sugar,B,0
20,4,Sugar,C,0
20,4,Sugar,D,0
20,4,PowderMilk,A,0
20,4,PowderMilk,B,0
20,4,PowderMilk,C,0
20,4,PowderMilk,D,0
20,4,Flavour,A,0
20,4,Flavour,B,0
20,4,Flavour,C,0
20,4,Flavour,D,0
20,5,Sugar,A,0
20,5,Sugar,B,0
20,5,Sugar,C,0
20,5,Sugar,D,0
20,5,PowderMilk,A,0
20,5,PowderMilk,B,0
20,5,PowderMilk,C,0
20,5,PowderMilk,D,0
20,5,Flavour,A,0
20,5,Flavour,B,0
20,5,Flavour,C,0
20,5,Flavour,D,0
20,6,Sugar,A,0
20,6,Sugar,B,0
20,6,Sugar,C,0
20,6,Sugar,D,0
20,6,PowderMilk,A,0
20,6,PowderMilk,B,0
20,6,PowderMilk,C,0
20,6,PowderMilk,D,0
20,6,Flavour,A,0
20,6,Flavour,B,0
20,6,Flavour,C,0
20,6,Flavour,D,0
20,7,Sugar,A,0
20,7,Sugar,B,0
20,7,Sugar,C,0
20,7,Sugar,D,0
20,7,PowderMilk,A,0
20,7,PowderMilk,B,0
20,7,PowderMilk,C,0
20,7,PowderMilk,D,0
20,7,Flavour,A,0
20,7,Flavour,B,0
20,7,Flavour,C,0
20,7,Flavour,D,0
20,8,Sugar,A,0
20,8,Sugar,B,0
20,8,Sugar,C,0
20,8,Sugar,D,0
20,8,PowderMilk,A,0
20,8,PowderMilk,B,0
20,8,PowderMilk,C,0
20,8,PowderMilk,D,0
20,8,Flavour,A,0
20,8,Flavour,B,0
20,8,Flavour,C,0
20,8,Flavour,D,0
20,9,Sugar,A,0
20,9,Sugar,B,0
20,9,Sugar,C,0
20,9,Sugar,D,0
20,9,PowderMilk,A,0
20,9,PowderMilk,B,0
20,9,PowderMilk,C,0
20,9,PowderMilk,D,0
20,9,Flavour,A,0
20,9,Flavour,B,0
20,9,Flavour,C,0
20,9,Flavour,D,0
20,10,Sugar,A,0
20,10,Sugar,B,0
20,10,Sugar,C,0
20,10,Sugar,D,0
20,10,PowderMilk,A,0
20,10,PowderMilk,B,0
20,10,PowderMilk,C,0
20,10,PowderMilk,D,0
20,10,Flavour,A,0
20,10,Flavour,B,0
20,10,Flavour,C,0
20,10,Flavour,D,0
20,11,Sugar,A,0
20,11,Sugar,B,0
20,11,Sugar,C,0
20,11,Sugar,D,0
20,11,PowderMilk,A,0
20,11,PowderMilk,B,0
20,11,PowderMilk,C,0
20,11,PowderMilk,D,0
20,11,Flavour,A,0
20,11,Flavour,B,0
20,11,Flavour,C,0
20,11,Flavour,D,0
20,12,Sugar,A,0
20,12,Sugar,B,0
20,12,Sugar,C,0
20,12,Sugar,D,0
20,12,PowderMilk,A,0
20,12,PowderMilk,B,0
20,12,PowderMilk,C,0
20,12,PowderMilk,D,0
20,12,Flavour,A,0
20,12,Flavour,B,0
20,12,Flavour,C,0
20,12,Flavour,D,0
20,13,Sugar,A,0
20,13,Sugar,B,0
20,13,Sugar,C,0
20,13,Sugar,D,0
20,13,PowderMilk,A,0
20,13,PowderMilk,B,0
20,13,PowderMilk,C,0
20,13,PowderMilk,D,0
20,13,Flavour,A,0
20,13,Flavour,B,0
20,13,Flavour,C,0
20,13,Flavour,D,0
20,14,Sugar,A,0
20,14,Sugar,B,0
20,14,Sugar,C,0
20,14,Sugar,D,0
20,14,PowderMilk,A,0
20,14,PowderMilk,B,0
20,14,PowderMilk,C,0
20,14,PowderMilk,D,0
20,14,Flavour,A,0
20,14,Flavour,B,0
20,14,Flavour,C,0
20,14,Flavour,D,0
20,15,Sugar,A,0
20,15,Sugar,B,0
20,15,Sugar,C,0
20,15,Sugar,D,0
20,15,PowderMilk,A,0
20,15,PowderMilk,B,0
20,15,PowderMilk,C,0
20,15,PowderMilk,D,0
20,15,Flavour,A,0
20,15,Flavour,B,0
20,15,Flavour,C,0
20,15,Flavour,D,0
20,16,Sugar,A,0
20,16,Sugar,B,0
20,16,Sugar,C,0
20,16,Sugar,D,0
20,16,PowderMilk,A,0
20,16,PowderMilk,B,0
20,16,PowderMilk,C,0
20,16,PowderMilk,D,0
20,16,Flavour,A,0
20,16,Flavour,B,0
20,16,Flavour,C,0
20,16,Flavour,D,0
20,17,Sugar,A,0
20,17,Sugar,B,0
20,17,Sugar,C,0
20,17,Sugar,D,0
20,17,PowderMilk,A,0
20,17,PowderMilk,B,0
20,17,PowderMilk,C,0
20,17,PowderMilk,D,0
20,17,Flavour,A,0
20,17,Flavour,B,0
20,17,Flavour,C,0
20,17,Flavour,D,0
20,18,Sugar,A,0
20,18,Sugar,B,0
20,18,Sugar,C,0
20,18,Sugar,D,0
20,18,PowderMilk,A,0
20,18,PowderMilk,B,0
20,18,PowderMilk,C,0
20,18,PowderMilk,D,0
20,18,Flavour,A,0
20,18,Flavour,B,0
20,18,Flavour,C,0
20,18,Flavour,D,0
20,19,Sugar,A,0
20,19,Sugar,B,0
20,19,Sugar,C,0
20,19,Sugar,D,0
20,19,PowderMilk,A,0
20,19,PowderMilk,B,0
20,19,PowderMilk,C,0
20,19,PowderMilk,D,0
20,19,Flavour,A,0
20,19,Flavour,B,0
20,19,Flavour,C,0
20,19,Flavour,D,0
20,20,Sugar,A,0
20,20,Sugar,B,0
20,20,Sugar,C,0
20,20,Sugar,D,0
20,20,PowderMilk,A,0
20,20,PowderMilk,B,0
20,20,PowderMilk,C,0
20,20,PowderMilk,D,0
20,20,Flavour,A,0
20,20,Flavour,B,0
20,20,Flavour,C,0
20,20,Flavour,D,0
20,21,Sugar,A,0
20,21,Sugar,B,0
20,21,Sugar,C,0
20,21,Sugar,D,0
20,21,PowderMilk,A,0
20,21,PowderMilk,B,0
20,21,PowderMilk,C,0
20,21,PowderMilk,D,0
20,21,Flavour,A,0
20,21,Flavour,B,0
20,21,Flavour,C,0
20,21,Flavour,D,0
20,22,Sugar,A,0
20,22,Sugar,B,0
20,22,Sugar,C,0
20,22,Sugar,D,0
20,22,PowderMilk,A,0
20,22,PowderMilk,B,0
20,22,PowderMilk,C,0
20,22,PowderMilk,D,0
20,22,Flavour,A,0
20,22,Flavour,B,0
20,22,Flavour,C,0
20,22,Flavour,D,0
20,23,Sugar,A,124
20,23,Sugar,B,0
20,23,Sugar,C,0
20,23,Sugar,D,0
20,23,PowderMilk,A,74
20,23,PowderMilk,B,0
20,23,PowderMilk,C,0
20,23,PowderMilk,D,0
20,23,Flavour,A,29
20,23,Flavour,B,0
20,23,Flavour,C,0
20,23,Flavour,D,0
20,24,Sugar,A,0
20,24,Sugar,B,0
20,24,Sugar,C,0
20,24,Sugar,D,0
20,24,PowderMilk,A,0
20,24,PowderMilk,B,0
20,24,PowderMilk,C,0
20,24,PowderMilk,D,0
20,24,Flavour,A,0
20,24,Flavour,B,0
20,24,Flavour,C,0
20,24,Flavour,D,0
20,25,Sugar,A,0
20,25,Sugar,B,0
20,25,Sugar,C,0
20,25,Sugar,D,0
20,25,PowderMilk,A,0
20,25,PowderMilk,B,0
20,25,PowderMilk,C,0
20,25,PowderMilk,D,0
20,25,Flavour,A,0
20,25,Flavour,B,0
20,25,Flavour,C,0
20,25,Flavour,D,0
20,26,Sugar,A,0
20,26,Sugar,B,0
20,26,Sugar,C,0
20,26,Sugar,D,0
20,26,PowderMilk,A,0
20,26,PowderMilk,B,0
20,26,PowderMilk,C,0
20,26,PowderMilk,D,0
20,26,Flavour,A,0
20,26,Flavour,B,0
20,26,Flavour,C,0
20,26,Flavour,D,0
20,27,Sugar,A,0
20,27,Sugar,B,0
20,27,Sugar,C,0
20,27,Sugar,D,0
20,27,PowderMilk,A,0
20,27,PowderMilk,B,0
20,27,PowderMilk,C,0
20,27,PowderMilk,D,0
20,27,Flavour,A,0
20,27,Flavour,B,0
20,27,Flavour,C,0
20,27,Flavour,D,0
20,28,Sugar,A,0
20,28,Sugar,B,0
20,28,Sugar,C,0
20,28,Sugar,D,0
20,28,PowderMilk,A,0
20,28,PowderMilk,B,0
20,28,PowderMilk,C,0
20,28,PowderMilk,D,0
20,28,Flavour,A,0
20,28,Flavour,B,0
20,28,Flavour,C,0
20,28,Flavour,D,0
20,29,Sugar,A,0
20,29,Sugar,B,0
20,29,Sugar,C,0
20,29,Sugar,D,0
20,29,PowderMilk,A,0
20,29,PowderMilk,B,0
20,29,PowderMilk,C,0
20,29,PowderMilk,D,0
20,29,Flavour,A,0
20,29,Flavour,B,0
20,29,Flavour,C,0
20,29,Flavour,D,0
20,30,Sugar,A,0
20,30,Sugar,B,0
20,30,Sugar,C,0
20,30,Sugar,D,0
20,30,PowderMilk,A,0
20,30,PowderMilk,B,0
20,30,PowderMilk,C,0
20,30,PowderMilk,D,0
20,30,Flavour,A,0
20,30,Flavour,B,0
20,30,Flavour,C,0
20,30,Flavour,D,0
21,1,Sugar,A,0
21,1,Sugar,B,0
21,1,Sugar,C,0
21,1,Sugar,D,0
21,1,PowderMilk,A,0
21,1,PowderMilk,B,0
21,1,PowderMilk,C,0
21,1,PowderMilk,D,0
21,1,Flavour,A,0
21,1,Flavour,B,0
21,1,Flavour,C,0
21,1,Flavour,D,0
21,2,Sugar,A,0
21,2,Sugar,B,0
21,2,Sugar,C,0
21,2,Sugar,D,0
21,2,PowderMilk,A,0
21,2,PowderMilk,B,0
21,2,PowderMilk,C,0
21,2,PowderMilk,D,0
21,2,Flavour,A,0
21,2,Flavour,B,0
21,2,Flavour,C,0
21,2,Flavour,D,0
21,3,Sugar,A,0
21,3,Sugar,B,0
21,3,Sugar,C,0
21,3,Sugar,D,0
21,3,PowderMilk,A,0
21,3,PowderMilk,B,0
21,3,PowderMilk,C,0
21,3,PowderMilk,D,0
21,3,Flavour,A,0
21,3,Flavour,B,0
21,3,Flavour,C,0
21,3,Flavour,D,0
21,4,Sugar,A,0
21,4,Sugar,B,0
21,4,Sugar,C,0
21,4,Sugar,D,0
21,4,PowderMilk,A,0
21,4,PowderMilk,B,0
21,4,PowderMilk,C,0
21,4,PowderMilk,D,0
21,4,Flavour,A,0
21,4,Flavour,B,0
21,4,Flavour,C,0
21,4,Flavour,D,0
21,5,Sugar,A,0
21,5,Sugar,B,0
21,5,Sugar,C,0
21,5,Sugar,D,0
21,5,PowderMilk,A,0
21,5,PowderMilk,B,0
21,5,PowderMilk,C,0
21,5,PowderMilk,D,0
21,5,Flavour,A,0
21,5,Flavour,B,0
21,5,Flavour,C,0
21,5,Flavour,D,0
21,6,Sugar,A,0
21,6,Sugar,B,0
21,6,Sugar,C,0
21,6,Sugar,D,0
21,6,PowderMilk,A,0
21,6,PowderMilk,B,0
21,6,PowderMilk,C,0
21,6,PowderMilk,D,0
21,6,Flavour,A,0
21,6,Flavour,B,0
21,6,Flavour,C,0
21,6,Flavour,D,0
21,7,Sugar,A,0
21,7,Sugar,B,0
21,7,Sugar,C,0
21,7,Sugar,D,0
21,7,PowderMilk,A,0
21,7,PowderMilk,B,0
21,7,PowderMilk,C,0
21,7,PowderMilk,D,0
21,7,Flavour,A,0
21,7,Flavour,B,0
21,7,Flavour,C,0
21,7,Flavour,D,0
21,8,Sugar,A,0
21,8,Sugar,B,0
21,8,Sugar,C,0
21,8,Sugar,D,0
21,8,PowderMilk,A,0
21,8,PowderMilk,B,0
21,8,PowderMilk,C,0
21,8,PowderMilk,D,0
21,8,Flavour,A,0
21,8,Flavour,B,0
21,8,Flavour,C,0
21,8,Flavour,D,0
21,9,Sugar,A,0
21,9,Sugar,B,0
21,9,Sugar,C,0
21,9,Sugar,D,0
21,9,PowderMilk,A,0
21,9,PowderMilk,B,0
21,9,PowderMilk,C,0
21,9,PowderMilk,D,0
21,9,Flavour,A,0
21,9,Flavour,B,0
21,9,Flavour,C,0
21,9,Flavour,D,0
21,10,Sugar,A,0
21,10,Sugar,B,0
21,10,Sugar,C,0
21,10,Sugar,D,0
21,10,PowderMilk,A,0
21,10,PowderMilk,B,0
21,10,PowderMilk,C,0
21,10,PowderMilk,D,0
21,10,Flavour,A,0
21,10,Flavour,B,0
21,10,Flavour,C,0
21,10,Flavour,D,0
21,11,Sugar,A,0
21,11,Sugar,B,0
21,11,Sugar,C,0
21,11,Sugar,D,0
21,11,PowderMilk,A,0
21,11,PowderMilk,B,0
21,11,PowderMilk,C,0
21,11,PowderMilk,D,0
21,11,Flavour,A,0
21,11,Flavour,B,0
21,11,Flavour,C,0
21,11,Flavour,D,0
21,12,Sugar,A,0
21,12,Sugar,B,0
21,12,Sugar,C,0
21,12,Sugar,D,0
21,12,PowderMilk,A,0
21,12,PowderMilk,B,0
21,12,PowderMilk,C,0
21,12,PowderMilk,D,0
21,12,Flavour,A,0
21,12,Flavour,B,0
21,12,Flavour,C,0
21,12,Flavour,D,0
21,13,Sugar,A,0
21,13,Sugar,B,0
21,13,Sugar,C,0
21,13,Sugar,D,0
21,13,PowderMilk,A,0
21,13,PowderMilk,B,0
21,13,PowderMilk,C,0
21,13,PowderMilk,D,0
21,13,Flavour,A,0
21,13,Flavour,B,0
21,13,Flavour,C,0
21,13,Flavour,D,0
21,14,Sugar,A,0
21,14,Sugar,B,0
21,14,Sugar,C,0
21,14,Sugar,D,0
21,14,PowderMilk,A,0
21,14,PowderMilk,B,0
21,14,PowderMilk,C,0
21,14,PowderMilk,D,0
21,14,Flavour,A,0
21,14,Flavour,B,0
21,14,Flavour,C,0
21,14,Flavour,D,0
21,15,Sugar,A,0
21,15,Sugar,B,0
21,15,Sugar,C,0
21,15,Sugar,D,0
21,15,PowderMilk,A,0
21,15,PowderMilk,B,0
21,15,PowderMilk,C,0
21,15,PowderMilk,D,0
21,15,Flavour,A,0
21,15,Flavour,B,0
21,15,Flavour,C,0
21,15,Flavour,D,0
21,16,Sugar,A,0
21,16,Sugar,B,0
21,16,Sugar,C,0
21,16,Sugar,D,0
21,16,PowderMilk,A,0
21,16,PowderMilk,B,0
21,16,PowderMilk,C,0
21,16,PowderMilk,D,0
21,16,Flavour,A,0
21,16,Flavour,B,0
21,16,Flavour,C,0
21,16,Flavour,D,0
21,17,Sugar,A,0
21,17,Sugar,B,0
21,17,Sugar,C,0
21,17,Sugar,D,0
21,17,PowderMilk,A,0
21,17,PowderMilk,B,0
21,17,PowderMilk,C,0
21,17,PowderMilk,D,0
21,17,Flavour,A,0
21,17,Flavour,B,0
21,17,Flavour,C,0
21,17,Flavour,D,0
21,18,Sugar,A,0
21,18,Sugar,B,0
21,18,Sugar,C,0
21,18,Sugar,D,0
21,18,PowderMilk,A,0
21,18,PowderMilk,B,0
21,18,PowderMilk,C,0
21,18,PowderMilk,D,0
21,18,Flavour,A,0
21,18,Flavour,B,0
21,18,Flavour,C,0
21,18,Flavour,D,0
21,19,Sugar,A,0
21,19,Sugar,B,0
21,19,Sugar,C,0
21,19,Sugar,D,0
21,19,PowderMilk,A,0
21,19,PowderMilk,B,0
21,19,PowderMilk,C,0
21,19,PowderMilk,D,0
21,19,Flavour,A,0
21,19,Flavour,B,0
21,19,Flavour,C,0
21,19,Flavour,D,0
21,20,Sugar,A,0
21,20,Sugar,B,0
21,20,Sugar,C,0
21,20,Sugar,D,0
21,20,PowderMilk,A,0
21,20,PowderMilk,B,0
21,20,PowderMilk,C,0
21,20,PowderMilk,D,0
21,20,Flavour,A,0
21,20,Flavour,B,0
21,20,Flavour,C,0
21,20,Flavour,D,0
21,21,Sugar,A,0
21,21,Sugar,B,0
21,21,Sugar,C,0
21,21,Sugar,D,0
21,21,PowderMilk,A,0
21,21,PowderMilk,B,0
21,21,PowderMilk,C,0
21,21,PowderMilk,D,0
21,21,Flavour,A,0
21,21,Flavour,B,0
21,21,Flavour,C,0
21,21,Flavour,D,0
21,22,Sugar,A,0
21,22,Sugar,B,0
21,22,Sugar,C,0
21,22,Sugar,D,0
21,22,PowderMilk,A,0
21,22,PowderMilk,B,0
21,22,PowderMilk,C,0
21,22,PowderMilk,D,0
21,22,Flavour,A,0
21,22,Flavour,B,0
21,22,Flavour,C,0
21,22,Flavour,D,0
21,23,Sugar,A,0
21,23,Sugar,B,0
21,23,Sugar,C,0
21,23,Sugar,D,0
21,23,PowderMilk,A,0
21,23,PowderMilk,B,0
21,23,PowderMilk,C,0
21,23,PowderMilk,D,0
21,23,Flavour,A,0
21,23,Flavour,B,0
21,23,Flavour,C,0
21,23,Flavour,D,0
21,24,Sugar,A,0
21,24,Sugar,B,0
21,24,Sugar,C,0
21,24,Sugar,D,0
21,24,PowderMilk,A,0
21,24,PowderMilk,B,0
21,24,PowderMilk,C,0
21,24,PowderMilk,D,0
21,24,Flavour,A,0
21,24,Flavour,B,0
21,24,Flavour,C,0
21,24,Flavour,D,0
21,25,Sugar,A,0
21,25,Sugar,B,0
21,25,Sugar,C,0
21,25,Sugar,D,0
21,25,PowderMilk,A,0
21,25,PowderMilk,B,0
21,25,PowderMilk,C,0
21,25,PowderMilk,D,0
21,25,Flavour,A,0
21,25,Flavour,B,0
21,25,Flavour,C,0
21,25,Flavour,D,0
21,26,Sugar,A,0
21,26,Sugar,B,0
21,26,Sugar,C,0
21,26,Sugar,D,0
21,26,PowderMilk,A,0
21,26,PowderMilk,B,0
21,26,PowderMilk,C,0
21,26,PowderMilk,D,0
21,26,Flavour,A,0
21,26,Flavour,B,0
21,26,Flavour,C,0
21,26,Flavour,D,0
21,27,Sugar,A,0
21,27,Sugar,B,0
21,27,Sugar,C,0
21,27,Sugar,D,0
21,27,PowderMilk,A,0
21,27,PowderMilk,B,0
21,27,PowderMilk,C,0
21,27,PowderMilk,D,0
21,27,Flavour,A,0
21,27,Flavour,B,0
21,27,Flavour,C,0
21,27,Flavour,D,0
21,28,Sugar,A,0
21,28,Sugar,B,0
21,28,Sugar,C,0
21,28,Sugar,D,0
21,28,PowderMilk,A,0
21,28,PowderMilk,B,0
21,28,PowderMilk,C,0
21,28,PowderMilk,D,0
21,28,Flavour,A,0
21,28,Flavour,B,0
21,28,Flavour,C,0
21,28,Flavour,D,0
21,29,Sugar,A,0
21,29,Sugar,B,0
21,29,Sugar,C,0
21,29,Sugar,D,0
21,29,PowderMilk,A,0
21,29,PowderMilk,B,0
21,29,PowderMilk,C,0
21,29,PowderMilk,D,0
21,29,Flavour,A,0
21,29,Flavour,B,0
21,29,Flavour,C,0
21,29,Flavour,D,0
21,30,Sugar,A,0
21,30,Sugar,B,0
21,30,Sugar,C,0
21,30,Sugar,D,0
21,30,PowderMilk,A,0
21,30,PowderMilk,B,0
21,30,PowderMilk,C,0
21,30,PowderMilk,D,0
21,30,Flavour,A,0
21,30,Flavour,B,0
21,30,Flavour,C,0
21,30,Flavour,D,0
22,1,Sugar,A,0
22,1,Sugar,B,0
22,1,Sugar,C,0
22,1,Sugar,D,0
22,1,PowderMilk,A,0
22,1,PowderMilk,B,0
22,1,PowderMilk,C,0
22,1,PowderMilk,D,0
22,1,Flavour,A,0
22,1,Flavour,B,0
22,1,Flavour,C,0
22,1,Flavour,D,0
22,2,Sugar,A,0
22,2,Sugar,B,0
22,2,Sugar,C,0
22,2,Sugar,D,0
22,2,PowderMilk,A,0
22,2,PowderMilk,B,0
22,2,PowderMilk,C,0
22,2,PowderMilk,D,0
22,2,Flavour,A,0
22,2,Flavour,B,0
22,2,Flavour,C,0
22,2,Flavour,D,0
22,3,Sugar,A,0
22,3,Sugar,B,0
22,3,Sugar,C,0
22,3,Sugar,D,0
22,3,PowderMilk,A,0
22,3,PowderMilk,B,0
22,3,PowderMilk,C,0
22,3,PowderMilk,D,0
22,3,Flavour,A,0
22,3,Flavour,B,0
22,3,Flavour,C,0
22,3,Flavour,D,0
22,4,Sugar,A,0
22,4,Sugar,B,0
22,4,Sugar,C,0
22,4,Sugar,D,0
22,4,PowderMilk,A,0
22,4,PowderMilk,B,0
22,4,PowderMilk,C,0
22,4,PowderMilk,D,0
22,4,Flavour,A,0
22,4,Flavour,B,0
22,4,Flavour,C,0
22,4,Flavour,D,0
22,5,Sugar,A,0
22,5,Sugar,B,0
22,5,Sugar,C,0
22,5,Sugar,D,0
22,5,PowderMilk,A,0
22,5,PowderMilk,B,0
22,5,PowderMilk,C,0
22,5,PowderMilk,D,0
22,5,Flavour,A,0
22,5,Flavour,B,0
22,5,Flavour,C,0
22,5,Flavour,D,0
22,6,Sugar,A,0
22,6,Sugar,B,0
22,6,Sugar,C,0
22,6,Sugar,D,0
22,6,PowderMilk,A,0
22,6,PowderMilk,B,0
22,6,PowderMilk,C,0
22,6,PowderMilk,D,0
22,6,Flavour,A,0
22,6,Flavour,B,0
22,6,Flavour,C,0
22,6,Flavour,D,0
22,7,Sugar,A,0
22,7,Sugar,B,0
22,7,Sugar,C,0
22,7,Sugar,D,0
22,7,PowderMilk,A,0
22,7,PowderMilk,B,0
22,7,PowderMilk,C,0
22,7,PowderMilk,D,0
22,7,Flavour,A,0
22,7,Flavour,B,0
22,7,Flavour,C,0
22,7,Flavour,D,0
22,8,Sugar,A,0
22,8,Sugar,B,0
22,8,Sugar,C,0
22,8,Sugar,D,0
22,8,PowderMilk,A,0
22,8,PowderMilk,B,0
22,8,PowderMilk,C,0
22,8,PowderMilk,D,0
22,8,Flavour,A,0
22,8,Flavour,B,0
22,8,Flavour,C,0
22,8,Flavour,D,0
22,9,Sugar,A,0
22,9,Sugar,B,0
22,9,Sugar,C,0
22,9,Sugar,D,0
22,9,PowderMilk,A,0
22,9,PowderMilk,B,0
22,9,PowderMilk,C,0
22,9,PowderMilk,D,0
22,9,Flavour,A,0
22,9,Flavour,B,0
22,9,Flavour,C,0
22,9,Flavour,D,0
22,10,Sugar,A,0
22,10,Sugar,B,0
22,10,Sugar,C,0
22,10,Sugar,D,0
22,10,PowderMilk,A,0
22,10,PowderMilk,B,0
22,10,PowderMilk,C,0
22,10,PowderMilk,D,0
22,10,Flavour,A,0
22,10,Flavour,B,0
22,10,Flavour,C,0
22,10,Flavour,D,0
22,11,Sugar,A,0
22,11,Sugar,B,0
22,11,Sugar,C,0
22,11,Sugar,D,0
22,11,PowderMilk,A,0
22,11,PowderMilk,B,0
22,11,PowderMilk,C,0
22,11,PowderMilk,D,0
22,11,Flavour,A,0
22,11,Flavour,B,0
22,11,Flavour,C,0
22,11,Flavour,D,0
22,12,Sugar,A,0
22,12,Sugar,B,0
22,12,Sugar,C,0
22,12,Sugar,D,0
22,12,PowderMilk,A,0
22,12,PowderMilk,B,0
22,12,PowderMilk,C,0
22,12,PowderMilk,D,0
22,12,Flavour,A,0
22,12,Flavour,B,0
22,12,Flavour,C,0
22,12,Flavour,D,0
22,13,Sugar,A,0
22,13,Sugar,B,0
22,13,Sugar,C,0
22,13,Sugar,D,0
22,13,PowderMilk,A,0
22,13,PowderMilk,B,0
22,13,PowderMilk,C,0
22,13,PowderMilk,D,0
22,13,Flavour,A,0
22,13,Flavour,B,0
22,13,Flavour,C,0
22,13,Flavour,D,0
22,14,Sugar,A,0
22,14,Sugar,B,0
22,14,Sugar,C,0
22,14,Sugar,D,0
22,14,PowderMilk,A,0
22,14,PowderMilk,B,0
22,14,PowderMilk,C,0
22,14,PowderMilk,D,0
22,14,Flavour,A,0
22,14,Flavour,B,0
22,14,Flavour,C,0
22,14,Flavour,D,0
22,15,Sugar,A,0
22,15,Sugar,B,0
22,15,Sugar,C,0
22,15,Sugar,D,0
22,15,PowderMilk,A,0
22,15,PowderMilk,B,0
22,15,PowderMilk,C,0
22,15,PowderMilk,D,0
22,15,Flavour,A,0
22,15,Flavour,B,0
22,15,Flavour,C,0
22,15,Flavour,D,0
22,16,Sugar,A,0
22,16,Sugar,B,0
22,16,Sugar,C,0
22,16,Sugar,D,0
22,16,PowderMilk,A,0
22,16,PowderMilk,B,0
22,16,PowderMilk,C,0
22,16,PowderMilk,D,0
22,16,Flavour,A,0
22,16,Flavour,B,0
22,16,Flavour,C,0
22,16,Flavour,D,0
22,17,Sugar,A,0
22,17,Sugar,B,0
22,17,Sugar,C,0
22,17,Sugar,D,0
22,17,PowderMilk,A,0
22,17,PowderMilk,B,0
22,17,PowderMilk,C,0
22,17,PowderMilk,D,0
22,17,Flavour,A,0
22,17,Flavour,B,0
22,17,Flavour,C,0
22,17,Flavour,D,0
22,18,Sugar,A,0
22,18,Sugar,B,0
22,18,Sugar,C,0
22,18,Sugar,D,0
22,18,PowderMilk,A,0
22,18,PowderMilk,B,0
22,18,PowderMilk,C,0
22,18,PowderMilk,D,0
22,18,Flavour,A,0
22,18,Flavour,B,0
22,18,Flavour,C,0
22,18,Flavour,D,0
22,19,Sugar,A,0
22,19,Sugar,B,0
22,19,Sugar,C,0
22,19,Sugar,D,0
22,19,PowderMilk,A,0
22,19,PowderMilk,B,0
22,19,PowderMilk,C,0
22,19,PowderMilk,D,0
22,19,Flavour,A,0
22,19,Flavour,B,0
22,19,Flavour,C,0
22,19,Flavour,D,0
22,20,Sugar,A,0
22,20,Sugar,B,0
22,20,Sugar,C,0
22,20,Sugar,D,0
22,20,PowderMilk,A,0
22,20,PowderMilk,B,0
22,20,PowderMilk,C,0
22,20,PowderMilk,D,0
22,20,Flavour,A,0
22,20,Flavour,B,0
22,20,Flavour,C,0
22,20,Flavour,D,0
22,21,Sugar,A,0
22,21,Sugar,B,0
22,21,Sugar,C,0
22,21,Sugar,D,0
22,21,PowderMilk,A,0
22,21,PowderMilk,B,0
22,21,PowderMilk,C,0
22,21,PowderMilk,D,0
22,21,Flavour,A,0
22,21,Flavour,B,0
22,21,Flavour,C,0
22,21,Flavour,D,0
22,22,Sugar,A,0
22,22,Sugar,B,0
22,22,Sugar,C,0
22,22,Sugar,D,0
22,22,PowderMilk,A,0
22,22,PowderMilk,B,0
22,22,PowderMilk,C,0
22,22,PowderMilk,D,0
22,22,Flavour,A,0
22,22,Flavour,B,0
22,22,Flavour,C,0
22,22,Flavour,D,0
22,23,Sugar,A,0
22,23,Sugar,B,0
22,23,Sugar,C,0
22,23,Sugar,D,0
22,23,PowderMilk,A,0
22,23,PowderMilk,B,0
22,23,PowderMilk,C,0
22,23,PowderMilk,D,0
22,23,Flavour,A,0
22,23,Flavour,B,0
22,23,Flavour,C,0
22,23,Flavour,D,0
22,24,Sugar,A,0
22,24,Sugar,B,0
22,24,Sugar,C,0
22,24,Sugar,D,0
22,24,PowderMilk,A,0
22,24,PowderMilk,B,0
22,24,PowderMilk,C,0
22,24,PowderMilk,D,0
22,24,Flavour,A,0
22,24,Flavour,B,0
22,24,Flavour,C,0
22,24,Flavour,D,0
22,25,Sugar,A,0
22,25,Sugar,B,0
22,25,Sugar,C,0
22,25,Sugar,D,0
22,25,PowderMilk,A,0
22,25,PowderMilk,B,0
22,25,PowderMilk,C,0
22,25,PowderMilk,D,0
22,25,Flavour,A,0
22,25,Flavour,B,0
22,25,Flavour,C,0
22,25,Flavour,D,0
22,26,Sugar,A,0
22,26,Sugar,B,0
22,26,Sugar,C,0
22,26,Sugar,D,0
22,26,PowderMilk,A,0
22,26,PowderMilk,B,0
22,26,PowderMilk,C,0
22,26,PowderMilk,D,0
22,26,Flavour,A,0
22,26,Flavour,B,0
22,26,Flavour,C,0
22,26,Flavour,D,0
22,27,Sugar,A,0
22,27,Sugar,B,0
22,27,Sugar,C,0
22,27,Sugar,D,0
22,27,PowderMilk,A,0
22,27,PowderMilk,B,0
22,27,PowderMilk,C,0
22,27,PowderMilk,D,0
22,27,Flavour,A,0
22,27,Flavour,B,0
22,27,Flavour,C,0
22,27,Flavour,D,0
22,28,Sugar,A,0
22,28,Sugar,B,0
22,28,Sugar,C,0
22,28,Sugar,D,0
22,28,PowderMilk,A,0
22,28,PowderMilk,B,0
22,28,PowderMilk,C,0
22,28,PowderMilk,D,0
22,28,Flavour,A,0
22,28,Flavour,B,0
22,28,Flavour,C,0
22,28,Flavour,D,0
22,29,Sugar,A,0
22,29,Sugar,B,0
22,29,Sugar,C,0
22,29,Sugar,D,0
22,29,PowderMilk,A,0
22,29,PowderMilk,B,0
22,29,PowderMilk,C,0
22,29,PowderMilk,D,0
22,29,Flavour,A,0
22,29,Flavour,B,0
22,29,Flavour,C,0
22,29,Flavour,D,0
22,30,Sugar,A,0
22,30,Sugar,B,0
22,30,Sugar,C,0
22,30,Sugar,D,0
22,30,PowderMilk,A,0
22,30,PowderMilk,B,0
22,30,PowderMilk,C,0
22,30,PowderMilk,D,0
22,30,Flavour,A,0
22,30,Flavour,B,0
22,30,Flavour,C,0
22,30,Flavour,D,0
23,1,Sugar,A,0
23,1,Sugar,B,0
23,1,Sugar,C,0
23,1,Sugar,D,0
23,1,PowderMilk,A,0
23,1,PowderMilk,B,0
23,1,PowderMilk,C,0
23,1,PowderMilk,D,0
23,1,Flavour,A,0
23,1,Flavour,B,0
23,1,Flavour,C,0
23,1,Flavour,D,0
23,2,Sugar,A,0
23,2,Sugar,B,0
23,2,Sugar,C,0
23,2,Sugar,D,0
23,2,PowderMilk,A,0
23,2,PowderMilk,B,0
23,2,PowderMilk,C,0
23,2,PowderMilk,D,0
23,2,Flavour,A,0
23,2,Flavour,B,0
23,2,Flavour,C,0
23,2,Flavour,D,0
23,3,Sugar,A,0
23,3,Sugar,B,0
23,3,Sugar,C,0
23,3,Sugar,D,0
23,3,PowderMilk,A,0
23,3,PowderMilk,B,0
23,3,PowderMilk,C,0
23,3,PowderMilk,D,0
23,3,Flavour,A,0
23,3,Flavour,B,0
23,3,Flavour,C,0
23,3,Flavour,D,0
23,4,Sugar,A,0
23,4,Sugar,B,0
23,4,Sugar,C,0
23,4,Sugar,D,0
23,4,PowderMilk,A,0
23,4,PowderMilk,B,0
23,4,PowderMilk,C,0
23,4,PowderMilk,D,0
23,4,Flavour,A,0
23,4,Flavour,B,0
23,4,Flavour,C,0
23,4,Flavour,D,0
23,5,Sugar,A,0
23,5,Sugar,B,0
23,5,Sugar,C,0
23,5,Sugar,D,0
23,5,PowderMilk,A,0
23,5,PowderMilk,B,0
23,5,PowderMilk,C,0
23,5,PowderMilk,D,0
23,5,Flavour,A,0
23,5,Flavour,B,0
23,5,Flavour,C,0
23,5,Flavour,D,0
23,6,Sugar,A,0
23,6,Sugar,B,0
23,6,Sugar,C,0
23,6,Sugar,D,0
23,6,PowderMilk,A,0
23,6,PowderMilk,B,0
23,6,PowderMilk,C,0
23,6,PowderMilk,D,0
23,6,Flavour,A,0
23,6,Flavour,B,0
23,6,Flavour,C,0
23,6,Flavour,D,0
23,7,Sugar,A,0
23,7,Sugar,B,0
23,7,Sugar,C,0
23,7,Sugar,D,0
23,7,PowderMilk,A,0
23,7,PowderMilk,B,0
23,7,PowderMilk,C,0
23,7,PowderMilk,D,0
23,7,Flavour,A,0
23,7,Flavour,B,0
23,7,Flavour,C,0
23,7,Flavour,D,0
23,8,Sugar,A,0
23,8,Sugar,B,0
23,8,Sugar,C,0
23,8,Sugar,D,0
23,8,PowderMilk,A,0
23,8,PowderMilk,B,0
23,8,PowderMilk,C,0
23,8,PowderMilk,D,0
23,8,Flavour,A,0
23,8,Flavour,B,0
23,8,Flavour,C,0
23,8,Flavour,D,0
23,9,Sugar,A,0
23,9,Sugar,B,0
23,9,Sugar,C,0
23,9,Sugar,D,0
23,9,PowderMilk,A,0
23,9,PowderMilk,B,0
23,9,PowderMilk,C,0
23,9,PowderMilk,D,0
23,9,Flavour,A,0
23,9,Flavour,B,0
23,9,Flavour,C,0
23,9,Flavour,D,0
23,10,Sugar,A,0
23,10,Sugar,B,0
23,10,Sugar,C,0
23,10,Sugar,D,0
23,10,PowderMilk,A,0
23,10,PowderMilk,B,0
23,10,PowderMilk,C,0
23,10,PowderMilk,D,0
23,10,Flavour,A,0
23,10,Flavour,B,0
23,10,Flavour,C,0
23,10,Flavour,D,0
23,11,Sugar,A,0
23,11,Sugar,B,0
23,11,Sugar,C,0
23,11,Sugar,D,0
23,11,PowderMilk,A,0
23,11,PowderMilk,B,0
23,11,PowderMilk,C,0
23,11,PowderMilk,D,0
23,11,Flavour,A,0
23,11,Flavour,B,0
23,11,Flavour,C,0
23,11,Flavour,D,0
23,12,Sugar,A,0
23,12,Sugar,B,0
23,12,Sugar,C,0
23,12,Sugar,D,0
23,12,PowderMilk,A,0
23,12,PowderMilk,B,0
23,12,PowderMilk,C,0
23,12,PowderMilk,D,0
23,12,Flavour,A,0
23,12,Flavour,B,0
23,12,Flavour,C,0
23,12,Flavour,D,0
23,13,Sugar,A,0
23,13,Sugar,B,0
23,13,Sugar,C,0
23,13,Sugar,D,0
23,13,PowderMilk,A,0
23,13,PowderMilk,B,0
23,13,PowderMilk,C,0
23,13,PowderMilk,D,0
23,13,Flavour,A,0
23,13,Flavour,B,0
23,13,Flavour,C,0
23,13,Flavour,D,0
23,14,Sugar,A,0
23,14,Sugar,B,0
23,14,Sugar,C,0
23,14,Sugar,D,0
23,14,PowderMilk,A,0
23,14,PowderMilk,B,0
23,14,PowderMilk,C,0
23,14,PowderMilk,D,0
23,14,Flavour,A,0
23,14,Flavour,B,0
23,14,Flavour,C,0
23,14,Flavour,D,0
23,15,Sugar,A,0
23,15,Sugar,B,0
23,15,Sugar,C,0
23,15,Sugar,D,0
23,15,PowderMilk,A,0
23,15,PowderMilk,B,0
23,15,PowderMilk,C,0
23,15,PowderMilk,D,0
23,15,Flavour,A,0
23,15,Flavour,B,0
23,15,Flavour,C,0
23,15,Flavour,D,0
23,16,Sugar,A,0
23,16,Sugar,B,0
23,16,Sugar,C,0
23,16,Sugar,D,0
23,16,PowderMilk,A,0
23,16,PowderMilk,B,0
23,16,PowderMilk,C,0
23,16,PowderMilk,D,0
23,16,Flavour,A,0
23,16,Flavour,B,0
23,16,Flavour,C,0
23,16,Flavour,D,0
23,17,Sugar,A,0
23,17,Sugar,B,0
23,17,Sugar,C,0
23,17,Sugar,D,0
23,17,PowderMilk,A,0
23,17,PowderMilk,B,0
23,17,PowderMilk,C,0
23,17,PowderMilk,D,0
23,17,Flavour,A,0
23,17,Flavour,B,0
23,17,Flavour,C,0
23,17,Flavour,D,0
23,18,Sugar,A,0
23,18,Sugar,B,0
23,18,Sugar,C,0
23,18,Sugar,D,0
23,18,PowderMilk,A,0
23,18,PowderMilk,B,0
23,18,PowderMilk,C,0
23,18,PowderMilk,D,0
23,18,Flavour,A,15
23,18,Flavour,B,0
23,18,Flavour,C,0
23,18,Flavour,D,0
23,19,Sugar,A,0
23,19,Sugar,B,0
23,19,Sugar,C,0
23,19,Sugar,D,0
23,19,PowderMilk,A,0
23,19,PowderMilk,B,0
23,19,PowderMilk,C,0
23,19,PowderMilk,D,0
23,19,Flavour,A,0
23,19,Flavour,B,0
23,19,Flavour,C,0
23,19,Flavour,D,0
23,20,Sugar,A,0
23,20,Sugar,B,0
23,20,Sugar,C,0
23,20,Sugar,D,0
23,20,PowderMilk,A,0
23,20,PowderMilk,B,0
23,20,PowderMilk,C,0
23,20,PowderMilk,D,0
23,20,Flavour,A,0
23,20,Flavour,B,0
23,20,Flavour,C,0
23,20,Flavour,D,0
23,21,Sugar,A,0
23,21,Sugar,B,0
23,21,Sugar,C,0
23,21,Sugar,D,0
23,21,PowderMilk,A,0
23,21,PowderMilk,B,0
23,21,PowderMilk,C,0
23,21,PowderMilk,D,0
23,21,Flavour,A,0
23,21,Flavour,B,0
23,21,Flavour,C,0
23,21,Flavour,D,0
23,22,Sugar,A,0
23,22,Sugar,B,0
23,22,Sugar,C,0
23,22,Sugar,D,0
23,22,PowderMilk,A,0
23,22,PowderMilk,B,0
23,22,PowderMilk,C,0
23,22,PowderMilk,D,0
23,22,Flavour,A,0
23,22,Flavour,B,0
23,22,Flavour,C,0
23,22,Flavour,D,0
23,23,Sugar,A,0
23,23,Sugar,B,0
23,23,Sugar,C,0
23,23,Sugar,D,0
23,23,PowderMilk,A,0
23,23,PowderMilk,B,0
23,23,PowderMilk,C,0
23,23,PowderMilk,D,0
23,23,Flavour,A,0
23,23,Flavour,B,0
23,23,Flavour,C,0
23,23,Flavour,D,0
23,24,Sugar,A,0
23,24,Sugar,B,0
23,24,Sugar,C,0
23,24,Sugar,D,0
23,24,PowderMilk,A,0
23,24,PowderMilk,B,0
23,24,PowderMilk,C,0
23,24,PowderMilk,D,0
23,24,Flavour,A,0
23,24,Flavour,B,0
23,24,Flavour,C,0
23,24,Flavour,D,0
23,25,Sugar,A,0
23,25,Sugar,B,0
23,25,Sugar,C,0
23,25,Sugar,D,0
23,25,PowderMilk,A,0
23,25,PowderMilk,B,0
23,25,PowderMilk,C,0
23,25,PowderMilk,D,0
23,25,Flavour,A,0
23,25,Flavour,B,0
23,25,Flavour,C,0
23,25,Flavour,D,0
23,26,Sugar,A,0
23,26,Sugar,B,0
23,26,Sugar,C,0
23,26,Sugar,D,0
23,26,PowderMilk,A,0
23,26,PowderMilk,B,0
23,26,PowderMilk,C,0
23,26,PowderMilk,D,0
23,26,Flavour,A,0
23,26,Flavour,B,0
23,26,Flavour,C,0
23,26,Flavour,D,0
23,27,Sugar,A,0
23,27,Sugar,B,0
23,27,Sugar,C,0
23,27,Sugar,D,0
23,27,PowderMilk,A,0
23,27,PowderMilk,B,0
23,27,PowderMilk,C,0
23,27,PowderMilk,D,0
23,27,Flavour,A,0
23,27,Flavour,B,0
23,27,Flavour,C,0
23,27,Flavour,D,0
23,28,Sugar,A,0
23,28,Sugar,B,0
23,28,Sugar,C,0
23,28,Sugar,D,0
23,28,PowderMilk,A,0
23,28,PowderMilk,B,0
23,28,PowderMilk,C,0
23,28,PowderMilk,D,0
23,28,Flavour,A,0
23,28,Flavour,B,0
23,28,Flavour,C,0
23,28,Flavour,D,0
23,29,Sugar,A,0
23,29,Sugar,B,0
23,29,Sugar,C,0
23,29,Sugar,D,0
23,29,PowderMilk,A,0
23,29,PowderMilk,B,0
23,29,PowderMilk,C,0
23,29,PowderMilk,D,0
23,29,Flavour,A,0
23,29,Flavour,B,0
23,29,Flavour,C,0
23,29,Flavour,D,0
23,30,Sugar,A,0
23,30,Sugar,B,0
23,30,Sugar,C,0
23,30,Sugar,D,0
23,30,PowderMilk,A,0
23,30,PowderMilk,B,0
23,30,PowderMilk,C,0
23,30,PowderMilk,D,0
23,30,Flavour,A,0
23,30,Flavour,B,0
23,30,Flavour,C,0
23,30,Flavour,D,0
24,1,Sugar,A,0
24,1,Sugar,B,0
24,1,Sugar,C,0
24,1,Sugar,D,0
24,1,PowderMilk,A,0
24,1,PowderMilk,B,0
24,1,PowderMilk,C,0
24,1,PowderMilk,D,0
24,1,Flavour,A,0
24,1,Flavour,B,0
24,1,Flavour,C,0
24,1,Flavour,D,0
24,2,Sugar,A,0
24,2,Sugar,B,0
24,2,Sugar,C,0
24,2,Sugar,D,0
24,2,PowderMilk,A,0
24,2,PowderMilk,B,0
24,2,PowderMilk,C,0
24,2,PowderMilk,D,0
24,2,Flavour,A,0
24,2,Flavour,B,0
24,2,Flavour,C,0
24,2,Flavour,D,0
24,3,Sugar,A,0
24,3,Sugar,B,0
24,3,Sugar,C,0
24,3,Sugar,D,0
24,3,PowderMilk,A,0
24,3,PowderMilk,B,0
24,3,PowderMilk,C,0
24,3,PowderMilk,D,0
24,3,Flavour,A,0
24,3,Flavour,B,0
24,3,Flavour,C,0
24,3,Flavour,D,0
24,4,Sugar,A,0
24,4,Sugar,B,0
24,4,Sugar,C,0
24,4,Sugar,D,0
24,4,PowderMilk,A,0
24,4,PowderMilk,B,0
24,4,PowderMilk,C,0
24,4,PowderMilk,D,0
24,4,Flavour,A,0
24,4,Flavour,B,0
24,4,Flavour,C,0
24,4,Flavour,D,0
24,5,Sugar,A,0
24,5,Sugar,B,0
24,5,Sugar,C,0
24,5,Sugar,D,0
24,5,PowderMilk,A,0
24,5,PowderMilk,B,0
24,5,PowderMilk,C,0
24,5,PowderMilk,D,0
24,5,Flavour,A,0
24,5,Flavour,B,0
24,5,Flavour,C,0
24,5,Flavour,D,0
24,6,Sugar,A,0
24,6,Sugar,B,0
24,6,Sugar,C,0
24,6,Sugar,D,0
24,6,PowderMilk,A,0
24,6,PowderMilk,B,0
24,6,PowderMilk,C,0
24,6,PowderMilk,D,0
24,6,Flavour,A,0
24,6,Flavour,B,0
24,6,Flavour,C,0
24,6,Flavour,D,0
24,7,Sugar,A,0
24,7,Sugar,B,0
24,7,Sugar,C,0
24,7,Sugar,D,0
24,7,PowderMilk,A,0
24,7,PowderMilk,B,0
24,7,PowderMilk,C,0
24,7,PowderMilk,D,0
24,7,Flavour,A,0
24,7,Flavour,B,0
24,7,Flavour,C,0
24,7,Flavour,D,0
24,8,Sugar,A,0
24,8,Sugar,B,0
24,8,Sugar,C,0
24,8,Sugar,D,0
24,8,PowderMilk,A,0
24,8,PowderMilk,B,0
24,8,PowderMilk,C,0
24,8,PowderMilk,D,0
24,8,Flavour,A,0
24,8,Flavour,B,0
24,8,Flavour,C,0
24,8,Flavour,D,0
24,9,Sugar,A,0
24,9,Sugar,B,0
24,9,Sugar,C,0
24,9,Sugar,D,0
24,9,PowderMilk,A,0
24,9,PowderMilk,B,0
24,9,PowderMilk,C,0
24,9,PowderMilk,D,0
24,9,Flavour,A,0
24,9,Flavour,B,0
24,9,Flavour,C,0
24,9,Flavour,D,0
24,10,Sugar,A,0
24,10,Sugar,B,0
24,10,Sugar,C,0
24,10,Sugar,D,0
24,10,PowderMilk,A,0
24,10,PowderMilk,B,0
24,10,PowderMilk,C,0
24,10,PowderMilk,D,0
24,10,Flavour,A,0
24,10,Flavour,B,0
24,10,Flavour,C,0
24,10,Flavour,D,0
24,11,Sugar,A,0
24,11,Sugar,B,0
24,11,Sugar,C,0
24,11,Sugar,D,0
24,11,PowderMilk,A,0
24,11,PowderMilk,B,0
24,11,PowderMilk,C,0
24,11,PowderMilk,D,0
24,11,Flavour,A,0
24,11,Flavour,B,0
24,11,Flavour,C,0
24,11,Flavour,D,0
24,12,Sugar,A,0
24,12,Sugar,B,0
24,12,Sugar,C,0
24,12,Sugar,D,0
24,12,PowderMilk,A,0
24,12,PowderMilk,B,0
24,12,PowderMilk,C,0
24,12,PowderMilk,D,0
24,12,Flavour,A,0
24,12,Flavour,B,0
24,12,Flavour,C,0
24,12,Flavour,D,0
24,13,Sugar,A,0
24,13,Sugar,B,0
24,13,Sugar,C,0
24,13,Sugar,D,0
24,13,PowderMilk,A,0
24,13,PowderMilk,B,0
24,13,PowderMilk,C,0
24,13,PowderMilk,D,0
24,13,Flavour,A,0
24,13,Flavour,B,0
24,13,Flavour,C,0
24,13,Flavour,D,0
24,14,Sugar,A,0
24,14,Sugar,B,0
24,14,Sugar,C,0
24,14,Sugar,D,0
24,14,PowderMilk,A,0
24,14,PowderMilk,B,0
24,14,PowderMilk,C,0
24,14,PowderMilk,D,0
24,14,Flavour,A,0
24,14,Flavour,B,0
24,14,Flavour,C,0
24,14,Flavour,D,0
24,15,Sugar,A,0
24,15,Sugar,B,0
24,15,Sugar,C,0
24,15,Sugar,D,0
24,15,PowderMilk,A,0
24,15,PowderMilk,B,0
24,15,PowderMilk,C,0
24,15,PowderMilk,D,0
24,15,Flavour,A,0
24,15,Flavour,B,0
24,15,Flavour,C,0
24,15,Flavour,D,0
24,16,Sugar,A,0
24,16,Sugar,B,0
24,16,Sugar,C,0
24,16,Sugar,D,0
24,16,PowderMilk,A,0
24,16,PowderMilk,B,0
24,16,PowderMilk,C,0
24,16,PowderMilk,D,0
24,16,Flavour,A,0
24,16,Flavour,B,0
24,16,Flavour,C,0
24,16,Flavour,D,0
24,17,Sugar,A,0
24,17,Sugar,B,0
24,17,Sugar,C,0
24,17,Sugar,D,0
24,17,PowderMilk,A,0
24,17,PowderMilk,B,0
24,17,PowderMilk,C,0
24,17,PowderMilk,D,0
24,17,Flavour,A,0
24,17,Flavour,B,0
24,17,Flavour,C,0
24,17,Flavour,D,0
24,18,Sugar,A,0
24,18,Sugar,B,0
24,18,Sugar,C,0
24,18,Sugar,D,0
24,18,PowderMilk,A,0
24,18,PowderMilk,B,0
24,18,PowderMilk,C,0
24,18,PowderMilk,D,0
24,18,Flavour,A,0
24,18,Flavour,B,0
24,18,Flavour,C,0
24,18,Flavour,D,0
24,19,Sugar,A,0
24,19,Sugar,B,0
24,19,Sugar,C,0
24,19,Sugar,D,0
24,19,PowderMilk,A,0
24,19,PowderMilk,B,0
24,19,PowderMilk,C,0
24,19,PowderMilk,D,0
24,19,Flavour,A,0
24,19,Flavour,B,0
24,19,Flavour,C,0
24,19,Flavour,D,0
24,20,Sugar,A,0
24,20,Sugar,B,0
24,20,Sugar,C,0
24,20,Sugar,D,0
24,20,PowderMilk,A,0
24,20,PowderMilk,B,0
24,20,PowderMilk,C,0
24,20,PowderMilk,D,0
24,20,Flavour,A,0
24,20,Flavour,B,0
24,20,Flavour,C,0
24,20,Flavour,D,0
24,21,Sugar,A,0
24,21,Sugar,B,0
24,21,Sugar,C,0
24,21,Sugar,D,0
24,21,PowderMilk,A,0
24,21,PowderMilk,B,0
24,21,PowderMilk,C,0
24,21,PowderMilk,D,0
24,21,Flavour,A,0
24,21,Flavour,B,0
24,21,Flavour,C,0
24,21,Flavour,D,0
24,22,Sugar,A,0
24,22,Sugar,B,0
24,22,Sugar,C,0
24,22,Sugar,D,0
24,22,PowderMilk,A,0
24,22,PowderMilk,B,0
24,22,PowderMilk,C,0
24,22,PowderMilk,D,0
24,22,Flavour,A,0
24,22,Flavour,B,0
24,22,Flavour,C,0
24,22,Flavour,D,0
24,23,Sugar,A,0
24,23,Sugar,B,0
24,23,Sugar,C,0
24,23,Sugar,D,0
24,23,PowderMilk,A,0
24,23,PowderMilk,B,0
24,23,PowderMilk,C,0
24,23,PowderMilk,D,0
24,23,Flavour,A,0
24,23,Flavour,B,0
24,23,Flavour,C,0
24,23,Flavour,D,0
24,24,Sugar,A,0
24,24,Sugar,B,0
24,24,Sugar,C,0
24,24,Sugar,D,0
24,24,PowderMilk,A,0
24,24,PowderMilk,B,0
24,24,PowderMilk,C,0
24,24,PowderMilk,D,0
24,24,Flavour,A,0
24,24,Flavour,B,0
24,24,Flavour,C,0
24,24,Flavour,D,0
24,25,Sugar,A,0
24,25,Sugar,B,0
24,25,Sugar,C,0
24,25,Sugar,D,0
24,25,PowderMilk,A,0
24,25,PowderMilk,B,0
24,25,PowderMilk,C,0
24,25,PowderMilk,D,0
24,25,Flavour,A,0
24,25,Flavour,B,0
24,25,Flavour,C,0
24,25,Flavour,D,0
24,26,Sugar,A,0
24,26,Sugar,B,0
24,26,Sugar,C,0
24,26,Sugar,D,0
24,26,PowderMilk,A,0
24,26,PowderMilk,B,0
24,26,PowderMilk,C,0
24,26,PowderMilk,D,0
24,26,Flavour,A,0
24,26,Flavour,B,0
24,26,Flavour,C,0
24,26,Flavour,D,0
24,27,Sugar,A,0
24,27,Sugar,B,0
24,27,Sugar,C,0
24,27,Sugar,D,0
24,27,PowderMilk,A,0
24,27,PowderMilk,B,0
24,27,PowderMilk,C,0
24,27,PowderMilk,D,0
24,27,Flavour,A,0
24,27,Flavour,B,0
24,27,Flavour,C,0
24,27,Flavour,D,0
24,28,Sugar,A,0
24,28,Sugar,B,0
24,28,Sugar,C,0
24,28,Sugar,D,0
24,28,PowderMilk,A,0
24,28,PowderMilk,B,0
24,28,PowderMilk,C,0
24,28,PowderMilk,D,0
24,28,Flavour,A,0
24,28,Flavour,B,0
24,28,Flavour,C,0
24,28,Flavour,D,0
24,29,Sugar,A,0
24,29,Sugar,B,0
24,29,Sugar,C,0
24,29,Sugar,D,0
24,29,PowderMilk,A,0
24,29,PowderMilk,B,0
24,29,PowderMilk,C,0
24,29,PowderMilk,D,0
24,29,Flavour,A,0
24,29,Flavour,B,0
24,29,Flavour,C,0
24,29,Flavour,D,0
24,30,Sugar,A,0
24,30,Sugar,B,0
24,30,Sugar,C,0
24,30,Sugar,D,0
24,30,PowderMilk,A,0
24,30,PowderMilk,B,0
24,30,PowderMilk,C,0
24,30,PowderMilk,D,0
24,30,Flavour,A,0
24,30,Flavour,B,0
24,30,Flavour,C,0
24,30,Flavour,D,0
25,1,Sugar,A,0
25,1,Sugar,B,0
25,1,Sugar,C,0
25,1,Sugar,D,0
25,1,PowderMilk,A,0
25,1,PowderMilk,B,0
25,1,PowderMilk,C,0
25,1,PowderMilk,D,0
25,1,Flavour,A,0
25,1,Flavour,B,0
25,1,Flavour,C,0
25,1,Flavour,D,0
25,2,Sugar,A,0
25,2,Sugar,B,0
25,2,Sugar,C,0
25,2,Sugar,D,0
25,2,PowderMilk,A,0
25,2,PowderMilk,B,0
25,2,PowderMilk,C,0
25,2,PowderMilk,D,0
25,2,Flavour,A,0
25,2,Flavour,B,0
25,2,Flavour,C,0
25,2,Flavour,D,0
25,3,Sugar,A,0
25,3,Sugar,B,0
25,3,Sugar,C,0
25,3,Sugar,D,0
25,3,PowderMilk,A,0
25,3,PowderMilk,B,0
25,3,PowderMilk,C,0
25,3,PowderMilk,D,0
25,3,Flavour,A,0
25,3,Flavour,B,0
25,3,Flavour,C,0
25,3,Flavour,D,0
25,4,Sugar,A,0
25,4,Sugar,B,0
25,4,Sugar,C,0
25,4,Sugar,D,0
25,4,PowderMilk,A,0
25,4,PowderMilk,B,0
25,4,PowderMilk,C,0
25,4,PowderMilk,D,0
25,4,Flavour,A,0
25,4,Flavour,B,0
25,4,Flavour,C,0
25,4,Flavour,D,0
25,5,Sugar,A,0
25,5,Sugar,B,0
25,5,Sugar,C,0
25,5,Sugar,D,0
25,5,PowderMilk,A,0
25,5,PowderMilk,B,0
25,5,PowderMilk,C,0
25,5,PowderMilk,D,0
25,5,Flavour,A,0
25,5,Flavour,B,0
25,5,Flavour,C,0
25,5,Flavour,D,0
25,6,Sugar,A,0
25,6,Sugar,B,0
25,6,Sugar,C,0
25,6,Sugar,D,0
25,6,PowderMilk,A,0
25,6,PowderMilk,B,0
25,6,PowderMilk,C,0
25,6,PowderMilk,D,0
25,6,Flavour,A,0
25,6,Flavour,B,0
25,6,Flavour,C,0
25,6,Flavour,D,0
25,7,Sugar,A,0
25,7,Sugar,B,0
25,7,Sugar,C,0
25,7,Sugar,D,0
25,7,PowderMilk,A,0
25,7,PowderMilk,B,0
25,7,PowderMilk,C,0
25,7,PowderMilk,D,0
25,7,Flavour,A,0
25,7,Flavour,B,0
25,7,Flavour,C,0
25,7,Flavour,D,0
25,8,Sugar,A,0
25,8,Sugar,B,0
25,8,Sugar,C,0
25,8,Sugar,D,0
25,8,PowderMilk,A,0
25,8,PowderMilk,B,0
25,8,PowderMilk,C,0
25,8,PowderMilk,D,0
25,8,Flavour,A,0
25,8,Flavour,B,0
25,8,Flavour,C,0
25,8,Flavour,D,0
25,9,Sugar,A,0
25,9,Sugar,B,0
25,9,Sugar,C,0
25,9,Sugar,D,0
25,9,PowderMilk,A,0
25,9,PowderMilk,B,0
25,9,PowderMilk,C,0
25,9,PowderMilk,D,0
25,9,Flavour,A,0
25,9,Flavour,B,0
25,9,Flavour,C,0
25,9,Flavour,D,0
25,10,Sugar,A,0
25,10,Sugar,B,0
25,10,Sugar,C,0
25,10,Sugar,D,0
25,10,PowderMilk,A,0
25,10,PowderMilk,B,0
25,10,PowderMilk,C,0
25,10,PowderMilk,D,0
25,10,Flavour,A,0
25,10,Flavour,B,0
25,10,Flavour,C,0
25,10,Flavour,D,0
25,11,Sugar,A,0
25,11,Sugar,B,0
25,11,Sugar,C,0
25,11,Sugar,D,0
25,11,PowderMilk,A,0
25,11,PowderMilk,B,0
25,11,PowderMilk,C,0
25,11,PowderMilk,D,0
25,11,Flavour,A,0
25,11,Flavour,B,0
25,11,Flavour,C,0
25,11,Flavour,D,0
25,12,Sugar,A,0
25,12,Sugar,B,0
25,12,Sugar,C,0
25,12,Sugar,D,0
25,12,PowderMilk,A,0
25,12,PowderMilk,B,0
25,12,PowderMilk,C,0
25,12,PowderMilk,D,0
25,12,Flavour,A,0
25,12,Flavour,B,0
25,12,Flavour,C,0
25,12,Flavour,D,0
25,13,Sugar,A,0
25,13,Sugar,B,0
25,13,Sugar,C,0
25,13,Sugar,D,0
25,13,PowderMilk,A,0
25,13,PowderMilk,B,0
25,13,PowderMilk,C,0
25,13,PowderMilk,D,0
25,13,Flavour,A,0
25,13,Flavour,B,0
25,13,Flavour,C,0
25,13,Flavour,D,0
25,14,Sugar,A,0
25,14,Sugar,B,0
25,14,Sugar,C,0
25,14,Sugar,D,0
25,14,PowderMilk,A,0
25,14,PowderMilk,B,0
25,14,PowderMilk,C,0
25,14,PowderMilk,D,0
25,14,Flavour,A,0
25,14,Flavour,B,0
25,14,Flavour,C,0
25,14,Flavour,D,0
25,15,Sugar,A,0
25,15,Sugar,B,0
25,15,Sugar,C,0
25,15,Sugar,D,0
25,15,PowderMilk,A,0
25,15,PowderMilk,B,0
25,15,PowderMilk,C,0
25,15,PowderMilk,D,0
25,15,Flavour,A,0
25,15,Flavour,B,0
25,15,Flavour,C,0
25,15,Flavour,D,0
25,16,Sugar,A,0
25,16,Sugar,B,0
25,16,Sugar,C,0
25,16,Sugar,D,0
25,16,PowderMilk,A,0
25,16,PowderMilk,B,0
25,16,PowderMilk,C,0
25,16,PowderMilk,D,0
25,16,Flavour,A,0
25,16,Flavour,B,0
25,16,Flavour,C,0
25,16,Flavour,D,0
25,17,Sugar,A,0
25,17,Sugar,B,0
25,17,Sugar,C,0
25,17,Sugar,D,0
25,17,PowderMilk,A,0
25,17,PowderMilk,B,0
25,17,PowderMilk,C,0
25,17,PowderMilk,D,0
25,17,Flavour,A,0
25,17,Flavour,B,0
25,17,Flavour,C,0
25,17,Flavour,D,0
25,18,Sugar,A,0
25,18,Sugar,B,0
25,18,Sugar,C,0
25,18,Sugar,D,0
25,18,PowderMilk,A,0
25,18,PowderMilk,B,0
25,18,PowderMilk,C,0
25,18,PowderMilk,D,0
25,18,Flavour,A,0
25,18,Flavour,B,0
25,18,Flavour,C,0
25,18,Flavour,D,0
25,19,Sugar,A,0
25,19,Sugar,B,0
25,19,Sugar,C,0
25,19,Sugar,D,0
25,19,PowderMilk,A,0
25,19,PowderMilk,B,0
25,19,PowderMilk,C,0
25,19,PowderMilk,D,0
25,19,Flavour,A,0
25,19,Flavour,B,0
25,19,Flavour,C,0
25,19,Flavour,D,0
25,20,Sugar,A,0
25,20,Sugar,B,0
25,20,Sugar,C,0
25,20,Sugar,D,0
25,20,PowderMilk,A,0
25,20,PowderMilk,B,0
25,20,PowderMilk,C,0
25,20,PowderMilk,D,0
25,20,Flavour,A,0
25,20,Flavour,B,0
25,20,Flavour,C,0
25,20,Flavour,D,0
25,21,Sugar,A,0
25,21,Sugar,B,0
25,21,Sugar,C,0
25,21,Sugar,D,0
25,21,PowderMilk,A,0
25,21,PowderMilk,B,0
25,21,PowderMilk,C,0
25,21,PowderMilk,D,0
25,21,Flavour,A,0
25,21,Flavour,B,0
25,21,Flavour,C,0
25,21,Flavour,D,0
25,22,Sugar,A,0
25,22,Sugar,B,0
25,22,Sugar,C,0
25,22,Sugar,D,0
25,22,PowderMilk,A,0
25,22,PowderMilk,B,0
25,22,PowderMilk,C,0
25,22,PowderMilk,D,0
25,22,Flavour,A,0
25,22,Flavour,B,0
25,22,Flavour,C,0
25,22,Flavour,D,0
25,23,Sugar,A,0
25,23,Sugar,B,0
25,23,Sugar,C,0
25,23,Sugar,D,0
25,23,PowderMilk,A,0
25,23,PowderMilk,B,0
25,23,PowderMilk,C,0
25,23,PowderMilk,D,0
25,23,Flavour,A,0
25,23,Flavour,B,0
25,23,Flavour,C,0
25,23,Flavour,D,0
25,24,Sugar,A,0
25,24,Sugar,B,0
25,24,Sugar,C,0
25,24,Sugar,D,0
25,24,PowderMilk,A,0
25,24,PowderMilk,B,0
25,24,PowderMilk,C,0
25,24,PowderMilk,D,0
25,24,Flavour,A,0
25,24,Flavour,B,0
25,24,Flavour,C,0
25,24,Flavour,D,0
25,25,Sugar,A,0
25,25,Sugar,B,0
25,25,Sugar,C,0
25,25,Sugar,D,0
25,25,PowderMilk,A,0
25,25,PowderMilk,B,0
25,25,PowderMilk,C,0
25,25,PowderMilk,D,0
25,25,Flavour,A,0
25,25,Flavour,B,0
25,25,Flavour,C,0
25,25,Flavour,D,0
25,26,Sugar,A,0
25,26,Sugar,B,0
25,26,Sugar,C,0
25,26,Sugar,D,0
25,26,PowderMilk,A,0
25,26,PowderMilk,B,0
25,26,PowderMilk,C,0
25,26,PowderMilk,D,0
25,26,Flavour,A,0
25,26,Flavour,B,0
25,26,Flavour,C,0
25,26,Flavour,D,0
25,27,Sugar,A,0
25,27,Sugar,B,0
25,27,Sugar,C,0
25,27,Sugar,D,0
25,27,PowderMilk,A,0
25,27,PowderMilk,B,0
25,27,PowderMilk,C,0
25,27,PowderMilk,D,0
25,27,Flavour,A,0
25,27,Flavour,B,0
25,27,Flavour,C,0
25,27,Flavour,D,0
25,28,Sugar,A,0
25,28,Sugar,B,0
25,28,Sugar,C,0
25,28,Sugar,D,0
25,28,PowderMilk,A,0
25,28,PowderMilk,B,0
25,28,PowderMilk,C,0
25,28,PowderMilk,D,0
25,28,Flavour,A,0
25,28,Flavour,B,0
25,28,Flavour,C,0
25,28,Flavour,D,0
25,29,Sugar,A,0
25,29,Sugar,B,0
25,29,Sugar,C,0
25,29,Sugar,D,0
25,29,PowderMilk,A,0
25,29,PowderMilk,B,0
25,29,PowderMilk,C,0
25,29,PowderMilk,D,0
25,29,Flavour,A,0
25,29,Flavour,B,0
25,29,Flavour,C,0
25,29,Flavour,D,0
25,30,Sugar,A,0
25,30,Sugar,B,0
25,30,Sugar,C,0
25,30,Sugar,D,0
25,30,PowderMilk,A,0
25,30,PowderMilk,B,0
25,30,PowderMilk,C,0
25,30,PowderMilk,D,0
25,30,Flavour,A,0
25,30,Flavour,B,0
25,30,Flavour,C,0
25,30,Flavour,D,0
26,1,Sugar,A,0
26,1,Sugar,B,0
26,1,Sugar,C,0
26,1,Sugar,D,0
26,1,PowderMilk,A,0
26,1,PowderMilk,B,0
26,1,PowderMilk,C,0
26,1,PowderMilk,D,0
26,1,Flavour,A,0
26,1,Flavour,B,0
26,1,Flavour,C,0
26,1,Flavour,D,0
26,2,Sugar,A,0
26,2,Sugar,B,0
26,2,Sugar,C,0
26,2,Sugar,D,0
26,2,PowderMilk,A,0
26,2,PowderMilk,B,0
26,2,PowderMilk,C,0
26,2,PowderMilk,D,0
26,2,Flavour,A,0
26,2,Flavour,B,0
26,2,Flavour,C,0
26,2,Flavour,D,0
26,3,Sugar,A,0
26,3,Sugar,B,0
26,3,Sugar,C,0
26,3,Sugar,D,0
26,3,PowderMilk,A,0
26,3,PowderMilk,B,0
26,3,PowderMilk,C,0
26,3,PowderMilk,D,0
26,3,Flavour,A,0
26,3,Flavour,B,0
26,3,Flavour,C,0
26,3,Flavour,D,0
26,4,Sugar,A,0
26,4,Sugar,B,0
26,4,Sugar,C,0
26,4,Sugar,D,0
26,4,PowderMilk,A,0
26,4,PowderMilk,B,0
26,4,PowderMilk,C,0
26,4,PowderMilk,D,0
26,4,Flavour,A,0
26,4,Flavour,B,0
26,4,Flavour,C,0
26,4,Flavour,D,0
26,5,Sugar,A,0
26,5,Sugar,B,0
26,5,Sugar,C,0
26,5,Sugar,D,0
26,5,PowderMilk,A,0
26,5,PowderMilk,B,0
26,5,PowderMilk,C,0
26,5,PowderMilk,D,0
26,5,Flavour,A,0
26,5,Flavour,B,0
26,5,Flavour,C,0
26,5,Flavour,D,0
26,6,Sugar,A,0
26,6,Sugar,B,0
26,6,Sugar,C,0
26,6,Sugar,D,0
26,6,PowderMilk,A,0
26,6,PowderMilk,B,0
26,6,PowderMilk,C,0
26,6,PowderMilk,D,0
26,6,Flavour,A,0
26,6,Flavour,B,0
26,6,Flavour,C,0
26,6,Flavour,D,0
26,7,Sugar,A,0
26,7,Sugar,B,0
26,7,Sugar,C,0
26,7,Sugar,D,0
26,7,PowderMilk,A,0
26,7,PowderMilk,B,0
26,7,PowderMilk,C,0
26,7,PowderMilk,D,0
26,7,Flavour,A,0
26,7,Flavour,B,0
26,7,Flavour,C,0
26,7,Flavour,D,0
26,8,Sugar,A,0
26,8,Sugar,B,0
26,8,Sugar,C,0
26,8,Sugar,D,0
26,8,PowderMilk,A,0
26,8,PowderMilk,B,0
26,8,PowderMilk,C,0
26,8,PowderMilk,D,0
26,8,Flavour,A,0
26,8,Flavour,B,0
26,8,Flavour,C,0
26,8,Flavour,D,0
26,9,Sugar,A,0
26,9,Sugar,B,0
26,9,Sugar,C,0
26,9,Sugar,D,0
26,9,PowderMilk,A,0
26,9,PowderMilk,B,0
26,9,PowderMilk,C,0
26,9,PowderMilk,D,0
26,9,Flavour,A,0
26,9,Flavour,B,0
26,9,Flavour,C,0
26,9,Flavour,D,0
26,10,Sugar,A,0
26,10,Sugar,B,0
26,10,Sugar,C,0
26,10,Sugar,D,0
26,10,PowderMilk,A,0
26,10,PowderMilk,B,0
26,10,PowderMilk,C,0
26,10,PowderMilk,D,0
26,10,Flavour,A,0
26,10,Flavour,B,0
26,10,Flavour,C,0
26,10,Flavour,D,0
26,11,Sugar,A,0
26,11,Sugar,B,0
26,11,Sugar,C,0
26,11,Sugar,D,0
26,11,PowderMilk,A,0
26,11,PowderMilk,B,0
26,11,PowderMilk,C,0
26,11,PowderMilk,D,0
26,11,Flavour,A,0
26,11,Flavour,B,0
26,11,Flavour,C,0
26,11,Flavour,D,0
26,12,Sugar,A,0
26,12,Sugar,B,0
26,12,Sugar,C,0
26,12,Sugar,D,0
26,12,PowderMilk,A,0
26,12,PowderMilk,B,0
26,12,PowderMilk,C,0
26,12,PowderMilk,D,0
26,12,Flavour,A,0
26,12,Flavour,B,0
26,12,Flavour,C,0
26,12,Flavour,D,0
26,13,Sugar,A,0
26,13,Sugar,B,0
26,13,Sugar,C,0
26,13,Sugar,D,0
26,13,PowderMilk,A,0
26,13,PowderMilk,B,0
26,13,PowderMilk,C,0
26,13,PowderMilk,D,0
26,13,Flavour,A,0
26,13,Flavour,B,0
26,13,Flavour,C,0
26,13,Flavour,D,0
26,14,Sugar,A,0
26,14,Sugar,B,0
26,14,Sugar,C,0
26,14,Sugar,D,0
26,14,PowderMilk,A,0
26,14,PowderMilk,B,0
26,14,PowderMilk,C,0
26,14,PowderMilk,D,0
26,14,Flavour,A,0
26,14,Flavour,B,0
26,14,Flavour,C,0
26,14,Flavour,D,0
26,15,Sugar,A,0
26,15,Sugar,B,0
26,15,Sugar,C,0
26,15,Sugar,D,0
26,15,PowderMilk,A,0
26,15,PowderMilk,B,0
26,15,PowderMilk,C,0
26,15,PowderMilk,D,0
26,15,Flavour,A,0
26,15,Flavour,B,0
26,15,Flavour,C,0
26,15,Flavour,D,0
26,16,Sugar,A,0
26,16,Sugar,B,0
26,16,Sugar,C,0
26,16,Sugar,D,0
26,16,PowderMilk,A,0
26,16,PowderMilk,B,0
26,16,PowderMilk,C,0
26,16,PowderMilk,D,0
26,16,Flavour,A,0
26,16,Flavour,B,0
26,16,Flavour,C,0
26,16,Flavour,D,0
26,17,Sugar,A,0
26,17,Sugar,B,0
26,17,Sugar,C,0
26,17,Sugar,D,0
26,17,PowderMilk,A,0
26,17,PowderMilk,B,0
26,17,PowderMilk,C,0
26,17,PowderMilk,D,0
26,17,Flavour,A,0
26,17,Flavour,B,0
26,17,Flavour,C,0
26,17,Flavour,D,0
26,18,Sugar,A,0
26,18,Sugar,B,0
26,18,Sugar,C,0
26,18,Sugar,D,0
26,18,PowderMilk,A,0
26,18,PowderMilk,B,0
26,18,PowderMilk,C,0
26,18,PowderMilk,D,0
26,18,Flavour,A,0
26,18,Flavour,B,0
26,18,Flavour,C,0
26,18,Flavour,D,0
26,19,Sugar,A,0
26,19,Sugar,B,0
26,19,Sugar,C,0
26,19,Sugar,D,0
26,19,PowderMilk,A,0
26,19,PowderMilk,B,0
26,19,PowderMilk,C,0
26,19,PowderMilk,D,0
26,19,Flavour,A,0
26,19,Flavour,B,0
26,19,Flavour,C,0
26,19,Flavour,D,0
26,20,Sugar,A,0
26,20,Sugar,B,0
26,20,Sugar,C,0
26,20,Sugar,D,0
26,20,PowderMilk,A,0
26,20,PowderMilk,B,0
26,20,PowderMilk,C,0
26,20,PowderMilk,D,0
26,20,Flavour,A,0
26,20,Flavour,B,0
26,20,Flavour,C,0
26,20,Flavour,D,0
26,21,Sugar,A,0
26,21,Sugar,B,0
26,21,Sugar,C,0
26,21,Sugar,D,0
26,21,PowderMilk,A,0
26,21,PowderMilk,B,0
26,21,PowderMilk,C,0
26,21,PowderMilk,D,0
26,21,Flavour,A,0
26,21,Flavour,B,0
26,21,Flavour,C,0
26,21,Flavour,D,0
26,22,Sugar,A,0
26,22,Sugar,B,0
26,22,Sugar,C,0
26,22,Sugar,D,0
26,22,PowderMilk,A,0
26,22,PowderMilk,B,0
26,22,PowderMilk,C,0
26,22,PowderMilk,D,0
26,22,Flavour,A,0
26,22,Flavour,B,0
26,22,Flavour,C,0
26,22,Flavour,D,0
26,23,Sugar,A,0
26,23,Sugar,B,0
26,23,Sugar,C,0
26,23,Sugar,D,0
26,23,PowderMilk,A,0
26,23,PowderMilk,B,0
26,23,PowderMilk,C,0
26,23,PowderMilk,D,0
26,23,Flavour,A,0
26,23,Flavour,B,0
26,23,Flavour,C,0
26,23,Flavour,D,0
26,24,Sugar,A,0
26,24,Sugar,B,0
26,24,Sugar,C,0
26,24,Sugar,D,0
26,24,PowderMilk,A,0
26,24,PowderMilk,B,0
26,24,PowderMilk,C,0
26,24,PowderMilk,D,0
26,24,Flavour,A,0
26,24,Flavour,B,0
26,24,Flavour,C,0
26,24,Flavour,D,0
26,25,Sugar,A,0
26,25,Sugar,B,0
26,25,Sugar,C,0
26,25,Sugar,D,0
26,25,PowderMilk,A,0
26,25,PowderMilk,B,0
26,25,PowderMilk,C,0
26,25,PowderMilk,D,0
26,25,Flavour,A,0
26,25,Flavour,B,0
26,25,Flavour,C,0
26,25,Flavour,D,0
26,26,Sugar,A,0
26,26,Sugar,B,0
26,26,Sugar,C,0
26,26,Sugar,D,0
26,26,PowderMilk,A,0
26,26,PowderMilk,B,0
26,26,PowderMilk,C,0
26,26,PowderMilk,D,0
26,26,Flavour,A,0
26,26,Flavour,B,0
26,26,Flavour,C,0
26,26,Flavour,D,0
26,27,Sugar,A,0
26,27,Sugar,B,0
26,27,Sugar,C,0
26,27,Sugar,D,0
26,27,PowderMilk,A,0
26,27,PowderMilk,B,0
26,27,PowderMilk,C,0
26,27,PowderMilk,D,0
26,27,Flavour,A,0
26,27,Flavour,B,0
26,27,Flavour,C,0
26,27,Flavour,D,0
26,28,Sugar,A,0
26,28,Sugar,B,0
26,28,Sugar,C,0
26,28,Sugar,D,0
26,28,PowderMilk,A,0
26,28,PowderMilk,B,0
26,28,PowderMilk,C,0
26,28,PowderMilk,D,0
26,28,Flavour,A,0
26,28,Flavour,B,0
26,28,Flavour,C,0
26,28,Flavour,D,0
26,29,Sugar,A,0
26,29,Sugar,B,0
26,29,Sugar,C,0
26,29,Sugar,D,0
26,29,PowderMilk,A,0
26,29,PowderMilk,B,0
26,29,PowderMilk,C,0
26,29,PowderMilk,D,0
26,29,Flavour,A,0
26,29,Flavour,B,0
26,29,Flavour,C,0
26,29,Flavour,D,0
26,30,Sugar,A,0
26,30,Sugar,B,0
26,30,Sugar,C,0
26,30,Sugar,D,0
26,30,PowderMilk,A,0
26,30,PowderMilk,B,0
26,30,PowderMilk,C,0
26,30,PowderMilk,D,0
26,30,Flavour,A,0
26,30,Flavour,B,0
26,30,Flavour,C,0
26,30,Flavour,D,0
27,1,Sugar,A,0
27,1,Sugar,B,0
27,1,Sugar,C,0
27,1,Sugar,D,0
27,1,PowderMilk,A,0
27,1,PowderMilk,B,0
27,1,PowderMilk,C,0
27,1,PowderMilk,D,0
27,1,Flavour,A,0
27,1,Flavour,B,0
27,1,Flavour,C,0
27,1,Flavour,D,0
27,2,Sugar,A,0
27,2,Sugar,B,0
27,2,Sugar,C,0
27,2,Sugar,D,0
27,2,PowderMilk,A,0
27,2,PowderMilk,B,0
27,2,PowderMilk,C,0
27,2,PowderMilk,D,0
27,2,Flavour,A,0
27,2,Flavour,B,0
27,2,Flavour,C,0
27,2,Flavour,D,0
27,3,Sugar,A,0
27,3,Sugar,B,0
27,3,Sugar,C,0
27,3,Sugar,D,0
27,3,PowderMilk,A,0
27,3,PowderMilk,B,0
27,3,PowderMilk,C,0
27,3,PowderMilk,D,0
27,3,Flavour,A,0
27,3,Flavour,B,0
27,3,Flavour,C,0
27,3,Flavour,D,0
27,4,Sugar,A,0
27,4,Sugar,B,0
27,4,Sugar,C,0
27,4,Sugar,D,0
27,4,PowderMilk,A,0
27,4,PowderMilk,B,0
27,4,PowderMilk,C,0
27,4,PowderMilk,D,0
27,4,Flavour,A,0
27,4,Flavour,B,0
27,4,Flavour,C,0
27,4,Flavour,D,0
27,5,Sugar,A,0
27,5,Sugar,B,0
27,5,Sugar,C,0
27,5,Sugar,D,0
27,5,PowderMilk,A,0
27,5,PowderMilk,B,0
27,5,PowderMilk,C,0
27,5,PowderMilk,D,0
27,5,Flavour,A,0
27,5,Flavour,B,0
27,5,Flavour,C,0
27,5,Flavour,D,0
27,6,Sugar,A,0
27,6,Sugar,B,0
27,6,Sugar,C,0
27,6,Sugar,D,0
27,6,PowderMilk,A,0
27,6,PowderMilk,B,0
27,6,PowderMilk,C,0
27,6,PowderMilk,D,0
27,6,Flavour,A,0
27,6,Flavour,B,0
27,6,Flavour,C,0
27,6,Flavour,D,0
27,7,Sugar,A,0
27,7,Sugar,B,0
27,7,Sugar,C,0
27,7,Sugar,D,0
27,7,PowderMilk,A,0
27,7,PowderMilk,B,0
27,7,PowderMilk,C,0
27,7,PowderMilk,D,0
27,7,Flavour,A,0
27,7,Flavour,B,0
27,7,Flavour,C,0
27,7,Flavour,D,0
27,8,Sugar,A,0
27,8,Sugar,B,0
27,8,Sugar,C,0
27,8,Sugar,D,0
27,8,PowderMilk,A,0
27,8,PowderMilk,B,0
27,8,PowderMilk,C,0
27,8,PowderMilk,D,0
27,8,Flavour,A,0
27,8,Flavour,B,0
27,8,Flavour,C,0
27,8,Flavour,D,0
27,9,Sugar,A,0
27,9,Sugar,B,0
27,9,Sugar,C,0
27,9,Sugar,D,0
27,9,PowderMilk,A,0
27,9,PowderMilk,B,0
27,9,PowderMilk,C,0
27,9,PowderMilk,D,0
27,9,Flavour,A,0
27,9,Flavour,B,0
27,9,Flavour,C,0
27,9,Flavour,D,0
27,10,Sugar,A,0
27,10,Sugar,B,0
27,10,Sugar,C,0
27,10,Sugar,D,0
27,10,PowderMilk,A,0
27,10,PowderMilk,B,0
27,10,PowderMilk,C,0
27,10,PowderMilk,D,0
27,10,Flavour,A,0
27,10,Flavour,B,0
27,10,Flavour,C,0
27,10,Flavour,D,0
27,11,Sugar,A,0
27,11,Sugar,B,0
27,11,Sugar,C,0
27,11,Sugar,D,0
27,11,PowderMilk,A,0
27,11,PowderMilk,B,0
27,11,PowderMilk,C,0
27,11,PowderMilk,D,0
27,11,Flavour,A,0
27,11,Flavour,B,0
27,11,Flavour,C,0
27,11,Flavour,D,0
27,12,Sugar,A,0
27,12,Sugar,B,0
27,12,Sugar,C,0
27,12,Sugar,D,0
27,12,PowderMilk,A,0
27,12,PowderMilk,B,0
27,12,PowderMilk,C,0
27,12,PowderMilk,D,0
27,12,Flavour,A,0
27,12,Flavour,B,0
27,12,Flavour,C,0
27,12,Flavour,D,0
27,13,Sugar,A,0
27,13,Sugar,B,0
27,13,Sugar,C,0
27,13,Sugar,D,0
27,13,PowderMilk,A,0
27,13,PowderMilk,B,0
27,13,PowderMilk,C,0
27,13,PowderMilk,D,0
27,13,Flavour,A,0
27,13,Flavour,B,0
27,13,Flavour,C,0
27,13,Flavour,D,0
27,14,Sugar,A,0
27,14,Sugar,B,0
27,14,Sugar,C,0
27,14,Sugar,D,0
27,14,PowderMilk,A,0
27,14,PowderMilk,B,0
27,14,PowderMilk,C,0
27,14,PowderMilk,D,0
27,14,Flavour,A,0
27,14,Flavour,B,0
27,14,Flavour,C,0
27,14,Flavour,D,0
27,15,Sugar,A,0
27,15,Sugar,B,0
27,15,Sugar,C,0
27,15,Sugar,D,0
27,15,PowderMilk,A,0
27,15,PowderMilk,B,0
27,15,PowderMilk,C,0
27,15,PowderMilk,D,0
27,15,Flavour,A,0
27,15,Flavour,B,0
27,15,Flavour,C,0
27,15,Flavour,D,0
27,16,Sugar,A,0
27,16,Sugar,B,0
27,16,Sugar,C,0
27,16,Sugar,D,0
27,16,PowderMilk,A,0
27,16,PowderMilk,B,0
27,16,PowderMilk,C,0
27,16,PowderMilk,D,0
27,16,Flavour,A,0
27,16,Flavour,B,0
27,16,Flavour,C,0
27,16,Flavour,D,0
27,17,Sugar,A,0
27,17,Sugar,B,0
27,17,Sugar,C,0
27,17,Sugar,D,0
27,17,PowderMilk,A,0
27,17,PowderMilk,B,0
27,17,PowderMilk,C,0
27,17,PowderMilk,D,0
27,17,Flavour,A,0
27,17,Flavour,B,0
27,17,Flavour,C,0
27,17,Flavour,D,0
27,18,Sugar,A,0
27,18,Sugar,B,0
27,18,Sugar,C,0
27,18,Sugar,D,0
27,18,PowderMilk,A,0
27,18,PowderMilk,B,0
27,18,PowderMilk,C,0
27,18,PowderMilk,D,0
27,18,Flavour,A,0
27,18,Flavour,B,0
27,18,Flavour,C,0
27,18,Flavour,D,0
27,19,Sugar,A,0
27,19,Sugar,B,0
27,19,Sugar,C,0
27,19,Sugar,D,0
27,19,PowderMilk,A,0
27,19,PowderMilk,B,0
27,19,PowderMilk,C,0
27,19,PowderMilk,D,0
27,19,Flavour,A,0
27,19,Flavour,B,0
27,19,Flavour,C,0
27,19,Flavour,D,0
27,20,Sugar,A,0
27,20,Sugar,B,0
27,20,Sugar,C,0
27,20,Sugar,D,0
27,20,PowderMilk,A,0
27,20,PowderMilk,B,0
27,20,PowderMilk,C,0
27,20,PowderMilk,D,0
27,20,Flavour,A,0
27,20,Flavour,B,0
27,20,Flavour,C,0
27,20,Flavour,D,0
27,21,Sugar,A,0
27,21,Sugar,B,0
27,21,Sugar,C,0
27,21,Sugar,D,0
27,21,PowderMilk,A,0
27,21,PowderMilk,B,0
27,21,PowderMilk,C,0
27,21,PowderMilk,D,0
27,21,Flavour,A,0
27,21,Flavour,B,0
27,21,Flavour,C,0
27,21,Flavour,D,0
27,22,Sugar,A,0
27,22,Sugar,B,0
27,22,Sugar,C,0
27,22,Sugar,D,0
27,22,PowderMilk,A,0
27,22,PowderMilk,B,0
27,22,PowderMilk,C,0
27,22,PowderMilk,D,0
27,22,Flavour,A,0
27,22,Flavour,B,0
27,22,Flavour,C,0
27,22,Flavour,D,0
27,23,Sugar,A,0
27,23,Sugar,B,0
27,23,Sugar,C,0
27,23,Sugar,D,0
27,23,PowderMilk,A,0
27,23,PowderMilk,B,0
27,23,PowderMilk,C,0
27,23,PowderMilk,D,0
27,23,Flavour,A,0
27,23,Flavour,B,0
27,23,Flavour,C,0
27,23,Flavour,D,0
27,24,Sugar,A,0
27,24,Sugar,B,0
27,24,Sugar,C,0
27,24,Sugar,D,0
27,24,PowderMilk,A,0
27,24,PowderMilk,B,0
27,24,PowderMilk,C,0
27,24,PowderMilk,D,0
27,24,Flavour,A,0
27,24,Flavour,B,0
27,24,Flavour,C,0
27,24,Flavour,D,0
27,25,Sugar,A,0
27,25,Sugar,B,0
27,25,Sugar,C,0
27,25,Sugar,D,0
27,25,PowderMilk,A,0
27,25,PowderMilk,B,0
27,25,PowderMilk,C,0
27,25,PowderMilk,D,0
27,25,Flavour,A,0
27,25,Flavour,B,0
27,25,Flavour,C,0
27,25,Flavour,D,0
27,26,Sugar,A,0
27,26,Sugar,B,0
27,26,Sugar,C,0
27,26,Sugar,D,0
27,26,PowderMilk,A,0
27,26,PowderMilk,B,0
27,26,PowderMilk,C,0
27,26,PowderMilk,D,0
27,26,Flavour,A,0
27,26,Flavour,B,0
27,26,Flavour,C,0
27,26,Flavour,D,0
27,27,Sugar,A,0
27,27,Sugar,B,0
27,27,Sugar,C,0
27,27,Sugar,D,0
27,27,PowderMilk,A,0
27,27,PowderMilk,B,0
27,27,PowderMilk,C,0
27,27,PowderMilk,D,0
27,27,Flavour,A,0
27,27,Flavour,B,0
27,27,Flavour,C,0
27,27,Flavour,D,0
27,28,Sugar,A,0
27,28,Sugar,B,0
27,28,Sugar,C,0
27,28,Sugar,D,0
27,28,PowderMilk,A,0
27,28,PowderMilk,B,0
27,28,PowderMilk,C,0
27,28,PowderMilk,D,0
27,28,Flavour,A,0
27,28,Flavour,B,0
27,28,Flavour,C,0
27,28,Flavour,D,0
27,29,Sugar,A,0
27,29,Sugar,B,0
27,29,Sugar,C,0
27,29,Sugar,D,0
27,29,PowderMilk,A,0
27,29,PowderMilk,B,0
27,29,PowderMilk,C,0
27,29,PowderMilk,D,0
27,29,Flavour,A,0
27,29,Flavour,B,0
27,29,Flavour,C,0
27,29,Flavour,D,0
27,30,Sugar,A,0
27,30,Sugar,B,0
27,30,Sugar,C,0
27,30,Sugar,D,0
27,30,PowderMilk,A,0
27,30,PowderMilk,B,0
27,30,PowderMilk,C,0
27,30,PowderMilk,D,0
27,30,Flavour,A,0
27,30,Flavour,B,0
27,30,Flavour,C,0
27,30,Flavour,D,0
28,1,Sugar,A,0
28,1,Sugar,B,0
28,1,Sugar,C,0
28,1,Sugar,D,0
28,1,PowderMilk,A,0
28,1,PowderMilk,B,0
28,1,PowderMilk,C,0
28,1,PowderMilk,D,0
28,1,Flavour,A,0
28,1,Flavour,B,0
28,1,Flavour,C,0
28,1,Flavour,D,0
28,2,Sugar,A,0
28,2,Sugar,B,0
28,2,Sugar,C,0
28,2,Sugar,D,0
28,2,PowderMilk,A,0
28,2,PowderMilk,B,0
28,2,PowderMilk,C,0
28,2,PowderMilk,D,0
28,2,Flavour,A,0
28,2,Flavour,B,0
28,2,Flavour,C,0
28,2,Flavour,D,0
28,3,Sugar,A,0
28,3,Sugar,B,0
28,3,Sugar,C,0
28,3,Sugar,D,0
28,3,PowderMilk,A,0
28,3,PowderMilk,B,0
28,3,PowderMilk,C,0
28,3,PowderMilk,D,0
28,3,Flavour,A,0
28,3,Flavour,B,0
28,3,Flavour,C,0
28,3,Flavour,D,0
28,4,Sugar,A,0
28,4,Sugar,B,0
28,4,Sugar,C,0
28,4,Sugar,D,0
28,4,PowderMilk,A,0
28,4,PowderMilk,B,0
28,4,PowderMilk,C,0
28,4,PowderMilk,D,0
28,4,Flavour,A,0
28,4,Flavour,B,0
28,4,Flavour,C,0
28,4,Flavour,D,0
28,5,Sugar,A,0
28,5,Sugar,B,0
28,5,Sugar,C,0
28,5,Sugar,D,0
28,5,PowderMilk,A,0
28,5,PowderMilk,B,0
28,5,PowderMilk,C,0
28,5,PowderMilk,D,0
28,5,Flavour,A,0
28,5,Flavour,B,0
28,5,Flavour,C,0
28,5,Flavour,D,0
28,6,Sugar,A,0
28,6,Sugar,B,0
28,6,Sugar,C,0
28,6,Sugar,D,0
28,6,PowderMilk,A,0
28,6,PowderMilk,B,0
28,6,PowderMilk,C,0
28,6,PowderMilk,D,0
28,6,Flavour,A,0
28,6,Flavour,B,0
28,6,Flavour,C,0
28,6,Flavour,D,0
28,7,Sugar,A,0
28,7,Sugar,B,0
28,7,Sugar,C,0
28,7,Sugar,D,0
28,7,PowderMilk,A,0
28,7,PowderMilk,B,0
28,7,PowderMilk,C,0
28,7,PowderMilk,D,0
28,7,Flavour,A,0
28,7,Flavour,B,0
28,7,Flavour,C,0
28,7,Flavour,D,0
28,8,Sugar,A,0
28,8,Sugar,B,0
28,8,Sugar,C,0
28,8,Sugar,D,0
28,8,PowderMilk,A,0
28,8,PowderMilk,B,0
28,8,PowderMilk,C,0
28,8,PowderMilk,D,0
28,8,Flavour,A,0
28,8,Flavour,B,0
28,8,Flavour,C,0
28,8,Flavour,D,0
28,9,Sugar,A,0
28,9,Sugar,B,0
28,9,Sugar,C,0
28,9,Sugar,D,0
28,9,PowderMilk,A,0
28,9,PowderMilk,B,0
28,9,PowderMilk,C,0
28,9,PowderMilk,D,0
28,9,Flavour,A,0
28,9,Flavour,B,0
28,9,Flavour,C,0
28,9,Flavour,D,0
28,10,Sugar,A,0
28,10,Sugar,B,0
28,10,Sugar,C,0
28,10,Sugar,D,0
28,10,PowderMilk,A,0
28,10,PowderMilk,B,0
28,10,PowderMilk,C,0
28,10,PowderMilk,D,0
28,10,Flavour,A,0
28,10,Flavour,B,0
28,10,Flavour,C,0
28,10,Flavour,D,0
28,11,Sugar,A,0
28,11,Sugar,B,0
28,11,Sugar,C,0
28,11,Sugar,D,0
28,11,PowderMilk,A,0
28,11,PowderMilk,B,0
28,11,PowderMilk,C,0
28,11,PowderMilk,D,0
28,11,Flavour,A,0
28,11,Flavour,B,0
28,11,Flavour,C,0
28,11,Flavour,D,0
28,12,Sugar,A,0
28,12,Sugar,B,0
28,12,Sugar,C,0
28,12,Sugar,D,0
28,12,PowderMilk,A,0
28,12,PowderMilk,B,0
28,12,PowderMilk,C,0
28,12,PowderMilk,D,0
28,12,Flavour,A,0
28,12,Flavour,B,0
28,12,Flavour,C,0
28,12,Flavour,D,0
28,13,Sugar,A,0
28,13,Sugar,B,0
28,13,Sugar,C,0
28,13,Sugar,D,0
28,13,PowderMilk,A,0
28,13,PowderMilk,B,0
28,13,PowderMilk,C,0
28,13,PowderMilk,D,0
28,13,Flavour,A,0
28,13,Flavour,B,0
28,13,Flavour,C,0
28,13,Flavour,D,0
28,14,Sugar,A,0
28,14,Sugar,B,0
28,14,Sugar,C,0
28,14,Sugar,D,0
28,14,PowderMilk,A,0
28,14,PowderMilk,B,0
28,14,PowderMilk,C,0
28,14,PowderMilk,D,0
28,14,Flavour,A,0
28,14,Flavour,B,0
28,14,Flavour,C,0
28,14,Flavour,D,0
28,15,Sugar,A,0
28,15,Sugar,B,0
28,15,Sugar,C,0
28,15,Sugar,D,0
28,15,PowderMilk,A,0
28,15,PowderMilk,B,0
28,15,PowderMilk,C,0
28,15,PowderMilk,D,0
28,15,Flavour,A,0
28,15,Flavour,B,0
28,15,Flavour,C,0
28,15,Flavour,D,0
28,16,Sugar,A,0
28,16,Sugar,B,0
28,16,Sugar,C,0
28,16,Sugar,D,0
28,16,PowderMilk,A,0
28,16,PowderMilk,B,0
28,16,PowderMilk,C,0
28,16,PowderMilk,D,0
28,16,Flavour,A,0
28,16,Flavour,B,0
28,16,Flavour,C,0
28,16,Flavour,D,0
28,17,Sugar,A,0
28,17,Sugar,B,0
28,17,Sugar,C,0
28,17,Sugar,D,0
28,17,PowderMilk,A,0
28,17,PowderMilk,B,0
28,17,PowderMilk,C,0
28,17,PowderMilk,D,0
28,17,Flavour,A,0
28,17,Flavour,B,0
28,17,Flavour,C,0
28,17,Flavour,D,0
28,18,Sugar,A,0
28,18,Sugar,B,0
28,18,Sugar,C,0
28,18,Sugar,D,0
28,18,PowderMilk,A,0
28,18,PowderMilk,B,0
28,18,PowderMilk,C,0
28,18,PowderMilk,D,0
28,18,Flavour,A,0
28,18,Flavour,B,0
28,18,Flavour,C,0
28,18,Flavour,D,0
28,19,Sugar,A,0
28,19,Sugar,B,0
28,19,Sugar,C,0
28,19,Sugar,D,0
28,19,PowderMilk,A,0
28,19,PowderMilk,B,0
28,19,PowderMilk,C,0
28,19,PowderMilk,D,0
28,19,Flavour,A,0
28,19,Flavour,B,0
28,19,Flavour,C,0
28,19,Flavour,D,0
28,20,Sugar,A,0
28,20,Sugar,B,0
28,20,Sugar,C,0
28,20,Sugar,D,0
28,20,PowderMilk,A,0
28,20,PowderMilk,B,0
28,20,PowderMilk,C,0
28,20,PowderMilk,D,0
28,20,Flavour,A,0
28,20,Flavour,B,0
28,20,Flavour,C,0
28,20,Flavour,D,0
28,21,Sugar,A,0
28,21,Sugar,B,0
28,21,Sugar,C,0
28,21,Sugar,D,0
28,21,PowderMilk,A,0
28,21,PowderMilk,B,0
28,21,PowderMilk,C,0
28,21,PowderMilk,D,0
28,21,Flavour,A,0
28,21,Flavour,B,0
28,21,Flavour,C,0
28,21,Flavour,D,0
28,22,Sugar,A,0
28,22,Sugar,B,0
28,22,Sugar,C,0
28,22,Sugar,D,0
28,22,PowderMilk,A,0
28,22,PowderMilk,B,0
28,22,PowderMilk,C,0
28,22,PowderMilk,D,0
28,22,Flavour,A,0
28,22,Flavour,B,0
28,22,Flavour,C,0
28,22,Flavour,D,0
28,23,Sugar,A,0
28,23,Sugar,B,0
28,23,Sugar,C,0
28,23,Sugar,D,0
28,23,PowderMilk,A,0
28,23,PowderMilk,B,0
28,23,PowderMilk,C,0
28,23,PowderMilk,D,0
28,23,Flavour,A,0
28,23,Flavour,B,0
28,23,Flavour,C,0
28,23,Flavour,D,0
28,24,Sugar,A,0
28,24,Sugar,B,0
28,24,Sugar,C,0
28,24,Sugar,D,0
28,24,PowderMilk,A,0
28,24,PowderMilk,B,0
28,24,PowderMilk,C,0
28,24,PowderMilk,D,0
28,24,Flavour,A,0
28,24,Flavour,B,0
28,24,Flavour,C,0
28,24,Flavour,D,0
28,25,Sugar,A,0
28,25,Sugar,B,0
28,25,Sugar,C,0
28,25,Sugar,D,0
28,25,PowderMilk,A,0
28,25,PowderMilk,B,0
28,25,PowderMilk,C,0
28,25,PowderMilk,D,0
28,25,Flavour,A,0
28,25,Flavour,B,0
28,25,Flavour,C,0
28,25,Flavour,D,0
28,26,Sugar,A,0
28,26,Sugar,B,0
28,26,Sugar,C,0
28,26,Sugar,D,0
28,26,PowderMilk,A,0
28,26,PowderMilk,B,0
28,26,PowderMilk,C,0
28,26,PowderMilk,D,0
28,26,Flavour,A,0
28,26,Flavour,B,0
28,26,Flavour,C,0
28,26,Flavour,D,0
28,27,Sugar,A,0
28,27,Sugar,B,0
28,27,Sugar,C,0
28,27,Sugar,D,0
28,27,PowderMilk,A,0
28,27,PowderMilk,B,0
28,27,PowderMilk,C,0
28,27,PowderMilk,D,0
28,27,Flavour,A,0
28,27,Flavour,B,0
28,27,Flavour,C,0
28,27,Flavour,D,0
28,28,Sugar,A,0
28,28,Sugar,B,0
28,28,Sugar,C,0
28,28,Sugar,D,0
28,28,PowderMilk,A,0
28,28,PowderMilk,B,0
28,28,PowderMilk,C,0
28,28,PowderMilk,D,0
28,28,Flavour,A,0
28,28,Flavour,B,0
28,28,Flavour,C,0
28,28,Flavour,D,0
28,29,Sugar,A,0
28,29,Sugar,B,0
28,29,Sugar,C,0
28,29,Sugar,D,0
28,29,PowderMilk,A,0
28,29,PowderMilk,B,0
28,29,PowderMilk,C,0
28,29,PowderMilk,D,0
28,29,Flavour,A,0
28,29,Flavour,B,0
28,29,Flavour,C,0
28,29,Flavour,D,0
28,30,Sugar,A,0
28,30,Sugar,B,0
28,30,Sugar,C,0
28,30,Sugar,D,0
28,30,PowderMilk,A,0
28,30,PowderMilk,B,0
28,30,PowderMilk,C,0
28,30,PowderMilk,D,0
28,30,Flavour,A,0
28,30,Flavour,B,0
28,30,Flavour,C,0
28,30,Flavour,D,0
29,1,Sugar,A,0
29,1,Sugar,B,0
29,1,Sugar,C,0
29,1,Sugar,D,0
29,1,PowderMilk,A,0
29,1,PowderMilk,B,0
29,1,PowderMilk,C,0
29,1,PowderMilk,D,0
29,1,Flavour,A,0
29,1,Flavour,B,0
29,1,Flavour,C,0
29,1,Flavour,D,0
29,2,Sugar,A,0
29,2,Sugar,B,0
29,2,Sugar,C,0
29,2,Sugar,D,0
29,2,PowderMilk,A,0
29,2,PowderMilk,B,0
29,2,PowderMilk,C,0
29,2,PowderMilk,D,0
29,2,Flavour,A,0
29,2,Flavour,B,0
29,2,Flavour,C,0
29,2,Flavour,D,0
29,3,Sugar,A,0
29,3,Sugar,B,0
29,3,Sugar,C,0
29,3,Sugar,D,0
29,3,PowderMilk,A,0
29,3,PowderMilk,B,0
29,3,PowderMilk,C,0
29,3,PowderMilk,D,0
29,3,Flavour,A,0
29,3,Flavour,B,0
29,3,Flavour,C,0
29,3,Flavour,D,0
29,4,Sugar,A,0
29,4,Sugar,B,0
29,4,Sugar,C,0
29,4,Sugar,D,0
29,4,PowderMilk,A,0
29,4,PowderMilk,B,0
29,4,PowderMilk,C,0
29,4,PowderMilk,D,0
29,4,Flavour,A,0
29,4,Flavour,B,0
29,4,Flavour,C,0
29,4,Flavour,D,0
29,5,Sugar,A,0
29,5,Sugar,B,0
29,5,Sugar,C,0
29,5,Sugar,D,0
29,5,PowderMilk,A,0
29,5,PowderMilk,B,0
29,5,PowderMilk,C,0
29,5,PowderMilk,D,0
29,5,Flavour,A,0
29,5,Flavour,B,0
29,5,Flavour,C,0
29,5,Flavour,D,0
29,6,Sugar,A,0
29,6,Sugar,B,0
29,6,Sugar,C,0
29,6,Sugar,D,0
29,6,PowderMilk,A,0
29,6,PowderMilk,B,0
29,6,PowderMilk,C,0
29,6,PowderMilk,D,0
29,6,Flavour,A,0
29,6,Flavour,B,0
29,6,Flavour,C,0
29,6,Flavour,D,0
29,7,Sugar,A,0
29,7,Sugar,B,0
29,7,Sugar,C,0
29,7,Sugar,D,0
29,7,PowderMilk,A,0
29,7,PowderMilk,B,0
29,7,PowderMilk,C,0
29,7,PowderMilk,D,0
29,7,Flavour,A,0
29,7,Flavour,B,0
29,7,Flavour,C,0
29,7,Flavour,D,0
29,8,Sugar,A,0
29,8,Sugar,B,0
29,8,Sugar,C,0
29,8,Sugar,D,0
29,8,PowderMilk,A,0
29,8,PowderMilk,B,0
29,8,PowderMilk,C,0
29,8,PowderMilk,D,0
29,8,Flavour,A,0
29,8,Flavour,B,0
29,8,Flavour,C,0
29,8,Flavour,D,0
29,9,Sugar,A,0
29,9,Sugar,B,0
29,9,Sugar,C,0
29,9,Sugar,D,0
29,9,PowderMilk,A,0
29,9,PowderMilk,B,0
29,9,PowderMilk,C,0
29,9,PowderMilk,D,0
29,9,Flavour,A,0
29,9,Flavour,B,0
29,9,Flavour,C,0
29,9,Flavour,D,0
29,10,Sugar,A,0
29,10,Sugar,B,0
29,10,Sugar,C,0
29,10,Sugar,D,0
29,10,PowderMilk,A,0
29,10,PowderMilk,B,0
29,10,PowderMilk,C,0
29,10,PowderMilk,D,0
29,10,Flavour,A,0
29,10,Flavour,B,0
29,10,Flavour,C,0
29,10,Flavour,D,0
29,11,Sugar,A,0
29,11,Sugar,B,0
29,11,Sugar,C,0
29,11,Sugar,D,0
29,11,PowderMilk,A,0
29,11,PowderMilk,B,0
29,11,PowderMilk,C,0
29,11,PowderMilk,D,0
29,11,Flavour,A,0
29,11,Flavour,B,0
29,11,Flavour,C,0
29,11,Flavour,D,0
29,12,Sugar,A,0
29,12,Sugar,B,0
29,12,Sugar,C,0
29,12,Sugar,D,0
29,12,PowderMilk,A,0
29,12,PowderMilk,B,0
29,12,PowderMilk,C,0
29,12,PowderMilk,D,0
29,12,Flavour,A,0
29,12,Flavour,B,0
29,12,Flavour,C,0
29,12,Flavour,D,0
29,13,Sugar,A,0
29,13,Sugar,B,0
29,13,Sugar,C,0
29,13,Sugar,D,0
29,13,PowderMilk,A,0
29,13,PowderMilk,B,0
29,13,PowderMilk,C,0
29,13,PowderMilk,D,0
29,13,Flavour,A,0
29,13,Flavour,B,0
29,13,Flavour,C,0
29,13,Flavour,D,0
29,14,Sugar,A,0
29,14,Sugar,B,0
29,14,Sugar,C,0
29,14,Sugar,D,0
29,14,PowderMilk,A,0
29,14,PowderMilk,B,0
29,14,PowderMilk,C,0
29,14,PowderMilk,D,0
29,14,Flavour,A,0
29,14,Flavour,B,0
29,14,Flavour,C,0
29,14,Flavour,D,0
29,15,Sugar,A,0
29,15,Sugar,B,0
29,15,Sugar,C,0
29,15,Sugar,D,0
29,15,PowderMilk,A,0
29,15,PowderMilk,B,0
29,15,PowderMilk,C,0
29,15,PowderMilk,D,0
29,15,Flavour,A,0
29,15,Flavour,B,0
29,15,Flavour,C,0
29,15,Flavour,D,0
29,16,Sugar,A,0
29,16,Sugar,B,0
29,16,Sugar,C,0
29,16,Sugar,D,0
29,16,PowderMilk,A,0
29,16,PowderMilk,B,0
29,16,PowderMilk,C,0
29,16,PowderMilk,D,0
29,16,Flavour,A,0
29,16,Flavour,B,0
29,16,Flavour,C,0
29,16,Flavour,D,0
29,17,Sugar,A,0
29,17,Sugar,B,0
29,17,Sugar,C,0
29,17,Sugar,D,0
29,17,PowderMilk,A,0
29,17,PowderMilk,B,0
29,17,PowderMilk,C,0
29,17,PowderMilk,D,0
29,17,Flavour,A,0
29,17,Flavour,B,0
29,17,Flavour,C,0
29,17,Flavour,D,0
29,18,Sugar,A,0
29,18,Sugar,B,0
29,18,Sugar,C,0
29,18,Sugar,D,0
29,18,PowderMilk,A,0
29,18,PowderMilk,B,0
29,18,PowderMilk,C,0
29,18,PowderMilk,D,0
29,18,Flavour,A,0
29,18,Flavour,B,0
29,18,Flavour,C,0
29,18,Flavour,D,0
29,19,Sugar,A,0
29,19,Sugar,B,0
29,19,Sugar,C,0
29,19,Sugar,D,0
29,19,PowderMilk,A,0
29,19,PowderMilk,B,0
29,19,PowderMilk,C,0
29,19,PowderMilk,D,0
29,19,Flavour,A,0
29,19,Flavour,B,0
29,19,Flavour,C,0
29,19,Flavour,D,0
29,20,Sugar,A,0
29,20,Sugar,B,0
29,20,Sugar,C,0
29,20,Sugar,D,0
29,20,PowderMilk,A,0
29,20,PowderMilk,B,0
29,20,PowderMilk,C,0
29,20,PowderMilk,D,0
29,20,Flavour,A,0
29,20,Flavour,B,0
29,20,Flavour,C,0
29,20,Flavour,D,0
29,21,Sugar,A,0
29,21,Sugar,B,0
29,21,Sugar,C,0
29,21,Sugar,D,0
29,21,PowderMilk,A,0
29,21,PowderMilk,B,0
29,21,PowderMilk,C,0
29,21,PowderMilk,D,0
29,21,Flavour,A,0
29,21,Flavour,B,0
29,21,Flavour,C,0
29,21,Flavour,D,0
29,22,Sugar,A,0
29,22,Sugar,B,0
29,22,Sugar,C,0
29,22,Sugar,D,0
29,22,PowderMilk,A,0
29,22,PowderMilk,B,0
29,22,PowderMilk,C,0
29,22,PowderMilk,D,0
29,22,Flavour,A,0
29,22,Flavour,B,0
29,22,Flavour,C,0
29,22,Flavour,D,0
29,23,Sugar,A,0
29,23,Sugar,B,0
29,23,Sugar,C,0
29,23,Sugar,D,0
29,23,PowderMilk,A,0
29,23,PowderMilk,B,0
29,23,PowderMilk,C,0
29,23,PowderMilk,D,0
29,23,Flavour,A,0
29,23,Flavour,B,0
29,23,Flavour,C,0
29,23,Flavour,D,0
29,24,Sugar,A,0
29,24,Sugar,B,0
29,24,Sugar,C,0
29,24,Sugar,D,0
29,24,PowderMilk,A,0
29,24,PowderMilk,B,0
29,24,PowderMilk,C,0
29,24,PowderMilk,D,0
29,24,Flavour,A,0
29,24,Flavour,B,0
29,24,Flavour,C,0
29,24,Flavour,D,0
29,25,Sugar,A,0
29,25,Sugar,B,0
29,25,Sugar,C,0
29,25,Sugar,D,0
29,25,PowderMilk,A,0
29,25,PowderMilk,B,0
29,25,PowderMilk,C,0
29,25,PowderMilk,D,0
29,25,Flavour,A,0
29,25,Flavour,B,0
29,25,Flavour,C,0
29,25,Flavour,D,0
29,26,Sugar,A,0
29,26,Sugar,B,0
29,26,Sugar,C,0
29,26,Sugar,D,0
29,26,PowderMilk,A,0
29,26,PowderMilk,B,0
29,26,PowderMilk,C,0
29,26,PowderMilk,D,0
29,26,Flavour,A,0
29,26,Flavour,B,0
29,26,Flavour,C,0
29,26,Flavour,D,0
29,27,Sugar,A,0
29,27,Sugar,B,0
29,27,Sugar,C,0
29,27,Sugar,D,0
29,27,PowderMilk,A,0
29,27,PowderMilk,B,0
29,27,PowderMilk,C,0
29,27,PowderMilk,D,0
29,27,Flavour,A,0
29,27,Flavour,B,0
29,27,Flavour,C,0
29,27,Flavour,D,0
29,28,Sugar,A,0
29,28,Sugar,B,0
29,28,Sugar,C,0
29,28,Sugar,D,0
29,28,PowderMilk,A,0
29,28,PowderMilk,B,0
29,28,PowderMilk,C,0
29,28,PowderMilk,D,0
29,28,Flavour,A,0
29,28,Flavour,B,0
29,28,Flavour,C,0
29,28,Flavour,D,0
29,29,Sugar,A,0
29,29,Sugar,B,0
29,29,Sugar,C,0
29,29,Sugar,D,0
29,29,PowderMilk,A,0
29,29,PowderMilk,B,0
29,29,PowderMilk,C,0
29,29,PowderMilk,D,0
29,29,Flavour,A,0
29,29,Flavour,B,0
29,29,Flavour,C,0
29,29,Flavour,D,0
29,30,Sugar,A,0
29,30,Sugar,B,0
29,30,Sugar,C,0
29,30,Sugar,D,0
29,30,PowderMilk,A,0
29,30,PowderMilk,B,0
29,30,PowderMilk,C,0
29,30,PowderMilk,D,0
29,30,Flavour,A,0
29,30,Flavour,B,0
29,30,Flavour,C,0
29,30,Flavour,D,0
30,1,Sugar,A,0
30,1,Sugar,B,0
30,1,Sugar,C,0
30,1,Sugar,D,0
30,1,PowderMilk,A,0
30,1,PowderMilk,B,0
30,1,PowderMilk,C,0
30,1,PowderMilk,D,0
30,1,Flavour,A,0
30,1,Flavour,B,0
30,1,Flavour,C,0
30,1,Flavour,D,0
30,2,Sugar,A,0
30,2,Sugar,B,0
30,2,Sugar,C,0
30,2,Sugar,D,0
30,2,PowderMilk,A,0
30,2,PowderMilk,B,0
30,2,PowderMilk,C,0
30,2,PowderMilk,D,0
30,2,Flavour,A,0
30,2,Flavour,B,0
30,2,Flavour,C,0
30,2,Flavour,D,0
30,3,Sugar,A,0
30,3,Sugar,B,0
30,3,Sugar,C,0
30,3,Sugar,D,0
30,3,PowderMilk,A,0
30,3,PowderMilk,B,0
30,3,PowderMilk,C,0
30,3,PowderMilk,D,0
30,3,Flavour,A,0
30,3,Flavour,B,0
30,3,Flavour,C,0
30,3,Flavour,D,0
30,4,Sugar,A,0
30,4,Sugar,B,0
30,4,Sugar,C,0
30,4,Sugar,D,0
30,4,PowderMilk,A,0
30,4,PowderMilk,B,0
30,4,PowderMilk,C,0
30,4,PowderMilk,D,0
30,4,Flavour,A,0
30,4,Flavour,B,0
30,4,Flavour,C,0
30,4,Flavour,D,0
30,5,Sugar,A,0
30,5,Sugar,B,0
30,5,Sugar,C,0
30,5,Sugar,D,0
30,5,PowderMilk,A,0
30,5,PowderMilk,B,0
30,5,PowderMilk,C,0
30,5,PowderMilk,D,0
30,5,Flavour,A,0
30,5,Flavour,B,0
30,5,Flavour,C,0
30,5,Flavour,D,0
30,6,Sugar,A,0
30,6,Sugar,B,0
30,6,Sugar,C,0
30,6,Sugar,D,0
30,6,PowderMilk,A,0
30,6,PowderMilk,B,0
30,6,PowderMilk,C,0
30,6,PowderMilk,D,0
30,6,Flavour,A,0
30,6,Flavour,B,0
30,6,Flavour,C,0
30,6,Flavour,D,0
30,7,Sugar,A,0
30,7,Sugar,B,0
30,7,Sugar,C,0
30,7,Sugar,D,0
30,7,PowderMilk,A,0
30,7,PowderMilk,B,0
30,7,PowderMilk,C,0
30,7,PowderMilk,D,0
30,7,Flavour,A,0
30,7,Flavour,B,0
30,7,Flavour,C,0
30,7,Flavour,D,0
30,8,Sugar,A,0
30,8,Sugar,B,0
30,8,Sugar,C,0
30,8,Sugar,D,0
30,8,PowderMilk,A,0
30,8,PowderMilk,B,0
30,8,PowderMilk,C,0
30,8,PowderMilk,D,0
30,8,Flavour,A,0
30,8,Flavour,B,0
30,8,Flavour,C,0
30,8,Flavour,D,0
30,9,Sugar,A,0
30,9,Sugar,B,0
30,9,Sugar,C,0
30,9,Sugar,D,0
30,9,PowderMilk,A,0
30,9,PowderMilk,B,0
30,9,PowderMilk,C,0
30,9,PowderMilk,D,0
30,9,Flavour,A,0
30,9,Flavour,B,0
30,9,Flavour,C,0
30,9,Flavour,D,0
30,10,Sugar,A,0
30,10,Sugar,B,0
30,10,Sugar,C,0
30,10,Sugar,D,0
30,10,PowderMilk,A,0
30,10,PowderMilk,B,0
30,10,PowderMilk,C,0
30,10,PowderMilk,D,0
30,10,Flavour,A,0
30,10,Flavour,B,0
30,10,Flavour,C,0
30,10,Flavour,D,0
30,11,Sugar,A,0
30,11,Sugar,B,0
30,11,Sugar,C,0
30,11,Sugar,D,0
30,11,PowderMilk,A,0
30,11,PowderMilk,B,0
30,11,PowderMilk,C,0
30,11,PowderMilk,D,0
30,11,Flavour,A,0
30,11,Flavour,B,0
30,11,Flavour,C,0
30,11,Flavour,D,0
30,12,Sugar,A,0
30,12,Sugar,B,0
30,12,Sugar,C,0
30,12,Sugar,D,0
30,12,PowderMilk,A,0
30,12,PowderMilk,B,0
30,12,PowderMilk,C,0
30,12,PowderMilk,D,0
30,12,Flavour,A,0
30,12,Flavour,B,0
30,12,Flavour,C,0
30,12,Flavour,D,0
30,13,Sugar,A,0
30,13,Sugar,B,0
30,13,Sugar,C,0
30,13,Sugar,D,0
30,13,PowderMilk,A,0
30,13,PowderMilk,B,0
30,13,PowderMilk,C,0
30,13,PowderMilk,D,0
30,13,Flavour,A,0
30,13,Flavour,B,0
30,13,Flavour,C,0
30,13,Flavour,D,0
30,14,Sugar,A,0
30,14,Sugar,B,0
30,14,Sugar,C,0
30,14,Sugar,D,0
30,14,PowderMilk,A,0
30,14,PowderMilk,B,0
30,14,PowderMilk,C,0
30,14,PowderMilk,D,0
30,14,Flavour,A,0
30,14,Flavour,B,0
30,14,Flavour,C,0
30,14,Flavour,D,0
30,15,Sugar,A,0
30,15,Sugar,B,0
30,15,Sugar,C,0
30,15,Sugar,D,0
30,15,PowderMilk,A,0
30,15,PowderMilk,B,0
30,15,PowderMilk,C,0
30,15,PowderMilk,D,0
30,15,Flavour,A,0
30,15,Flavour,B,0
30,15,Flavour,C,0
30,15,Flavour,D,0
30,16,Sugar,A,0
30,16,Sugar,B,0
30,16,Sugar,C,0
30,16,Sugar,D,0
30,16,PowderMilk,A,0
30,16,PowderMilk,B,0
30,16,PowderMilk,C,0
30,16,PowderMilk,D,0
30,16,Flavour,A,0
30,16,Flavour,B,0
30,16,Flavour,C,0
30,16,Flavour,D,0
30,17,Sugar,A,0
30,17,Sugar,B,0
30,17,Sugar,C,0
30,17,Sugar,D,0
30,17,PowderMilk,A,0
30,17,PowderMilk,B,0
30,17,PowderMilk,C,0
30,17,PowderMilk,D,0
30,17,Flavour,A,0
30,17,Flavour,B,0
30,17,Flavour,C,0
30,17,Flavour,D,0
30,18,Sugar,A,0
30,18,Sugar,B,0
30,18,Sugar,C,0
30,18,Sugar,D,0
30,18,PowderMilk,A,0
30,18,PowderMilk,B,0
30,18,PowderMilk,C,0
30,18,PowderMilk,D,0
30,18,Flavour,A,0
30,18,Flavour,B,0
30,18,Flavour,C,0
30,18,Flavour,D,0
30,19,Sugar,A,0
30,19,Sugar,B,0
30,19,Sugar,C,0
30,19,Sugar,D,0
30,19,PowderMilk,A,0
30,19,PowderMilk,B,0
30,19,PowderMilk,C,0
30,19,PowderMilk,D,0
30,19,Flavour,A,0
30,19,Flavour,B,0
30,19,Flavour,C,0
30,19,Flavour,D,0
30,20,Sugar,A,0
30,20,Sugar,B,0
30,20,Sugar,C,0
30,20,Sugar,D,0
30,20,PowderMilk,A,0
30,20,PowderMilk,B,0
30,20,PowderMilk,C,0
30,20,PowderMilk,D,0
30,20,Flavour,A,0
30,20,Flavour,B,0
30,20,Flavour,C,0
30,20,Flavour,D,0
30,21,Sugar,A,0
30,21,Sugar,B,0
30,21,Sugar,C,0
30,21,Sugar,D,0
30,21,PowderMilk,A,0
30,21,PowderMilk,B,0
30,21,PowderMilk,C,0
30,21,PowderMilk,D,0
30,21,Flavour,A,0
30,21,Flavour,B,0
30,21,Flavour,C,0
30,21,Flavour,D,0
30,22,Sugar,A,0
30,22,Sugar,B,0
30,22,Sugar,C,0
30,22,Sugar,D,0
30,22,PowderMilk,A,0
30,22,PowderMilk,B,0
30,22,PowderMilk,C,0
30,22,PowderMilk,D,0
30,22,Flavour,A,0
30,22,Flavour,B,0
30,22,Flavour,C,0
30,22,Flavour,D,0
30,23,Sugar,A,0
30,23,Sugar,B,0
30,23,Sugar,C,0
30,23,Sugar,D,0
30,23,PowderMilk,A,0
30,23,PowderMilk,B,0
30,23,PowderMilk,C,0
30,23,PowderMilk,D,0
30,23,Flavour,A,0
30,23,Flavour,B,0
30,23,Flavour,C,0
30,23,Flavour,D,0
30,24,Sugar,A,0
30,24,Sugar,B,0
30,24,Sugar,C,0
30,24,Sugar,D,0
30,24,PowderMilk,A,0
30,24,PowderMilk,B,0
30,24,PowderMilk,C,0
30,24,PowderMilk,D,0
30,24,Flavour,A,0
30,24,Flavour,B,0
30,24,Flavour,C,0
30,24,Flavour,D,0
30,25,Sugar,A,0
30,25,Sugar,B,0
30,25,Sugar,C,0
30,25,Sugar,D,0
30,25,PowderMilk,A,0
30,25,PowderMilk,B,0
30,25,PowderMilk,C,0
30,25,PowderMilk,D,0
30,25,Flavour,A,0
30,25,Flavour,B,0
30,25,Flavour,C,0
30,25,Flavour,D,0
30,26,Sugar,A,0
30,26,Sugar,B,0
30,26,Sugar,C,0
30,26,Sugar,D,0
30,26,PowderMilk,A,0
30,26,PowderMilk,B,0
30,26,PowderMilk,C,0
30,26,PowderMilk,D,0
30,26,Flavour,A,0
30,26,Flavour,B,0
30,26,Flavour,C,0
30,26,Flavour,D,0
30,27,Sugar,A,0
30,27,Sugar,B,0
30,27,Sugar,C,0
30,27,Sugar,D,0
30,27,PowderMilk,A,0
30,27,PowderMilk,B,0
30,27,PowderMilk,C,0
30,27,PowderMilk,D,0
30,27,Flavour,A,0
30,27,Flavour,B,0
30,27,Flavour,C,0
30,27,Flavour,D,0
30,28,Sugar,A,0
30,28,Sugar,B,0
30,28,Sugar,C,0
30,28,Sugar,D,0
30,28,PowderMilk,A,0
30,28,PowderMilk,B,0
30,28,PowderMilk,C,0
30,28,PowderMilk,D,0
30,28,Flavour,A,0
30,28,Flavour,B,0
30,28,Flavour,C,0
30,28,Flavour,D,0
30,29,Sugar,A,0
30,29,Sugar,B,0
30,29,Sugar,C,0
30,29,Sugar,D,0
30,29,PowderMilk,A,0
30,29,PowderMilk,B,0
30,29,PowderMilk,C,0
30,29,PowderMilk,D,0
30,29,Flavour,A,0
30,29,Flavour,B,0
30,29,Flavour,C,0
30,29,Flavour,D,0
30,30,Sugar,A,0
30,30,Sugar,B,0
30,30,Sugar,C,0
30,30,Sugar,D,0
30,30,PowderMilk,A,0
30,30,PowderMilk,B,0
30,30,PowderMilk,C,0
30,30,PowderMilk,D,0
30,30,Flavour,A,0
30,30,Flavour,B,0
30,30,Flavour,C,0
30,30,Flavour,D,0
